departem;ptvente;age;sitfamil;anciente;csp;codeqlt;nbopguic;moycred3;aveparmo;endette;engagemt;engagemc;engagemm;nbcptvue;moysold3;moycredi;agemvt;nbop;mtfactur;engageml;nbvie;mtvie;nbeparmo;mteparmo;nbeparlo;mteparlo;nblivret;mtlivret;nbeparlt;mteparlt;nbeparte;mteparte;nbbon;mtbon;nbpaiecb;nbcb;nbcbptar;avtscpte;aveparfi;sexer;cartevpr;nbjdebit
31;1;51;Fmar;238;Pcad;A;0;115;701939;4;119216;0;119216;2;35938;114;11;49;206016;0;1;152530;4;701939;2;520145;2;181794;0;0;0;0;0;0;14;2;0;1303700;556967;0;1;1
82;6;52;Fmar;270;Pcad;A;4;19579;8920;0;0;0;0;1;132468;4079;11;50;98500;0;0;0;3;19508920;2;8920;0;0;0;0;0;0;1;19500000;5;2;0;19856243;133896;0;1;0
97;1;58;Fmar;139;Pcad;C;0;40;3402;0;0;0;0;1;1336;40;14;2;3394;0;0;0;1;3402;0;0;1;3402;0;0;0;0;0;0;0;1;0;122745;0;0;1;0
40;1;27;Fcel;99;Psan;B;0;17;76321;0;0;0;0;1;12221;17;11;23;0;0;0;0;3;76321;1;46312;2;30009;0;0;0;0;0;0;14;2;0;83224;0;0;1;0
65;1;49;Fsep;89;Pemp;A;0;374;473350;0;209062;37859;171203;1;21187;208;11;49;0;0;1;21423;5;473350;3;399999;2;73351;0;0;0;0;0;0;11;3;1;494773;21423;0;1;15
65;1;64;Fmar;216;Pcad;A;5;24;78462;0;0;0;0;1;7154;24;11;67;0;0;0;0;4;78462;1;34820;2;9803;1;33839;0;0;0;0;27;1;0;81218;0;0;1;3
65;1;38;Fcel;188;Pemp;C;2;26;0;5;28823;28823;0;1;7122;26;14;36;42649;0;0;0;0;0;0;0;0;0;0;0;0;0;0;0;13;2;0;14706;0;0;1;13
31;1;46;Fmar;135;Pcad;A;2;40;96856;0;0;0;0;2;6531;24;11;51;0;0;0;0;2;96856;1;38775;1;58081;0;0;0;0;0;0;27;3;0;105333;0;1;1;35
31;1;45;Fmar;393;Pouv;A;1;55;266391;0;0;0;0;1;83717;38;11;39;20500;0;0;0;2;266391;2;266391;0;0;0;0;0;0;0;0;15;2;0;310878;1452;0;1;0
31;1;60;Fmar;321;Pcad;A;2;47;154268;0;1277;1277;0;1;9994;44;11;80;0;0;0;0;4;154268;1;20246;2;79542;1;54480;0;0;0;0;11;1;0;174968;20200;0;1;6
65;2;34;Fcel;362;Pemp;B;2;32;48931;20;518657;9699;105008;1;9201;32;11;90;0;403950;0;0;2;48931;2;48931;0;0;0;0;0;0;0;0;40;2;0;48931;0;0;1;4
31;2;56;Fmar;187;Pcad;A;10;66;222748;0;0;0;0;2;11744;66;11;91;0;0;1;97531;4;222748;2;106657;2;116091;0;0;0;0;0;0;3;2;0;406994;97531;0;1;0
31;1;49;Fmar;209;Pcad;A;2;91;318781;8;557171;21435;0;1;54858;91;11;37;125672;535736;2;279999;3;318781;2;287229;1;31552;0;0;0;0;0;0;4;2;0;881133;500410;0;1;0
65;1;61;Fsep;185;Psan;A;2;15;219959;0;2153;2153;0;1;6293;14;11;28;0;0;2;50524;4;219959;2;94594;0;0;2;125365;0;0;0;0;12;2;0;591101;369777;1;1;4
31;4;41;Fdiv;268;Psan;A;7;54;19673;0;0;0;0;2;19467;52;11;22;132295;0;13;2947037;3;19673;1;5300;2;14373;0;0;0;0;0;0;0;1;0;3530191;3505061;1;1;4
31;1;50;Fmar;94;Pcad;A;13;243;452580;2;51059;0;51059;2;39226;243;11;88;0;0;1;135564;4;452580;1;2320;2;421972;1;28288;0;0;0;0;0;1;0;1236029;700685;0;1;8
24;1;43;Fcel;85;Part;B;1;22;29483;12;83808;0;83808;1;4340;22;11;41;84000;0;0;0;1;29483;0;0;1;29483;0;0;0;0;0;0;12;1;0;42542;0;0;1;0
31;1;26;Fcel;75;Psan;B;0;41;28172;8;249605;0;0;2;13329;41;11;48;0;249605;0;0;2;28172;2;28172;0;0;0;0;0;0;0;0;38;3;0;55618;0;0;1;0
31;1;52;Fmar;38;Pcad;B;3;53;52913;6;271749;0;271749;2;6333;53;11;72;0;0;0;0;3;52913;1;2216;2;50697;0;0;0;0;0;0;29;4;0;165849;5753;0;1;86
31;1;32;Fcel;147;Pcad;A;0;14;131813;0;0;0;0;1;20105;14;11;20;52863;0;0;0;3;131813;2;120043;1;11770;0;0;0;0;0;0;4;1;0;270249;126828;0;1;0
32;2;33;Fcel;162;Pcad;D;0;22;16302;0;0;0;0;1;8192;19;14;47;0;0;0;0;1;16302;0;0;1;16302;0;0;0;0;0;0;23;2;0;16327;0;0;1;0
31;3;28;Fcel;10;Pcad;D;0;0;100;0;345;345;0;1;-91;0;11;2;24500;0;0;0;1;100;0;0;1;100;0;0;0;0;0;0;0;1;0;100;0;0;1;3
65;1;48;Fdiv;3;Pemp;E;0;26;0;0;0;0;0;1;14412;26;14;27;0;0;0;0;0;0;0;0;0;0;0;0;0;0;0;0;23;1;0;2455;0;0;1;0
31;2;41;Fcel;1;Pcad;E;3;80;39700;0;0;0;0;1;10009;80;11;9;4200;0;0;0;1;39700;0;0;1;39700;0;0;0;0;0;0;0;1;0;60098;0;1;1;0
31;2;33;Fmar;1;Pcad;E;0;8;13000;0;2563;2563;0;1;1696;7;11;13;0;0;0;0;1;13000;1;13000;0;0;0;0;0;0;0;0;0;2;0;13000;0;0;1;0
31;1;63;Fmar;2;Pcad;E;1;27;30669;0;0;0;0;1;9871;17;18;6;0;0;0;0;1;30669;0;0;1;30669;0;0;0;0;0;0;0;1;0;229729;148060;1;1;0
31;1;48;Fmar;337;Pemp;B;3;44;2125;19;584230;0;0;1;13834;44;12;74;69000;584230;2;21986;2;2125;0;0;2;2125;0;0;0;0;0;0;28;2;0;82617;51218;0;1;7
65;1;65;Fmar;255;Part;B;1;71;43714;17;127460;0;127460;1;16348;48;12;26;128300;0;3;156196;2;43714;2;43714;0;0;0;0;0;0;0;0;0;2;0;203805;156196;1;1;5
31;1;62;Fmar;363;Pcad;A;2;44;223825;0;0;0;0;1;10837;44;12;48;63500;0;0;0;3;223825;2;192011;1;31814;0;0;0;0;0;0;11;2;0;258851;300;0;1;1
66;2;35;Fcel;189;Pcad;B;1;19;19122;30;259057;0;16326;1;5360;19;12;33;0;242731;0;0;3;19122;2;18841;1;281;0;0;0;0;0;0;10;2;0;21026;0;0;1;29
32;3;46;Fmar;54;Pcad;A;2;28;122457;16;306503;0;44406;1;17289;28;12;58;44500;262097;0;0;4;122457;1;42429;2;78960;1;1068;0;0;0;0;18;3;1;185010;62293;0;1;1
65;4;34;Fcel;90;Pemp;B;5;71;22006;1;111923;0;111923;2;14387;67;12;71;0;0;0;0;2;22006;1;6718;1;15288;0;0;0;0;0;0;10;2;1;144070;83549;0;1;8
31;1;40;Fcel;101;Pemp;A;3;32;559103;13;69775;0;43724;2;19163;32;12;31;0;26051;2;26153;4;559103;2;479261;2;79842;0;0;0;0;0;0;8;2;0;739540;137863;0;1;1
31;1;54;Fmar;113;Pcad;B;0;81;0;0;0;0;0;1;167799;81;15;38;84000;0;0;0;0;0;0;0;0;0;0;0;0;0;0;0;19;5;2;220433;0;0;1;0
31;1;53;Fmar;63;Pcad;D;1;11;500;53;65874;17110;48764;1;-11896;11;15;25;0;0;0;0;2;500;0;0;2;500;0;0;0;0;0;0;12;2;0;500;0;0;1;65
31;1;34;Fmar;144;Pcad;B;0;171;218353;0;31479;21040;10439;1;-12246;104;12;54;0;0;1;19568;3;218353;1;68353;2;150000;0;0;0;0;0;0;21;3;0;362127;143774;0;1;88
31;1;30;Fmar;26;Pcad;B;0;49;62707;9;146581;15441;131140;1;8682;49;12;30;0;0;0;0;1;62707;0;0;1;62707;0;0;0;0;0;0;7;2;0;62707;0;0;1;2
40;1;30;Fcel;23;Part;C;5;5;0;0;1261;1261;0;1;505;1;16;6;0;0;0;0;0;0;0;0;0;0;0;0;0;0;0;0;0;1;0;2566;0;1;1;4
31;1;34;Fuli;3;Pcad;E;1;31;0;7;46076;46076;0;1;44206;31;12;4;0;0;0;0;0;0;0;0;0;0;0;0;0;0;0;0;0;1;0;27363;0;0;1;0
31;1;39;Fmar;3;Pcad;E;1;3;0;0;0;0;0;1;4814;3;12;6;0;0;0;0;0;0;0;0;0;0;0;0;0;0;0;0;0;2;0;7113;0;0;1;0
31;1;43;Fmar;27;Part;B;1;76;26251;10;396900;0;0;1;84186;0;15;4;0;396900;0;0;1;26251;0;0;1;26251;0;0;0;0;0;0;1;1;0;63017;0;0;1;3
31;1;58;Fmar;786;Pcad;A;2;41;352969;0;0;0;0;1;20537;41;14;29;151900;0;0;0;3;352969;1;101901;2;251068;0;0;0;0;0;0;13;1;0;526839;164797;0;1;1
31;1;39;Fcel;247;Pemp;D;3;2;360722;33;12220;377;11843;1;15098;1;14;51;103000;0;0;0;5;360722;0;0;4;360722;0;0;1;0;0;0;19;2;0;360722;0;0;1;6
65;2;46;Fmar;235;Pcad;B;7;60;12243;14;459921;1186;17781;2;13368;57;14;70;0;440954;0;0;1;12243;0;0;1;12243;0;0;0;0;0;0;10;1;0;47129;0;0;1;55
65;1;43;Fdiv;145;Part;A;0;30;14718;28;166617;0;0;1;9517;10;14;16;0;166617;1;40380;2;14718;1;2000;1;12718;0;0;0;0;0;0;6;2;0;62505;40380;1;1;6
65;1;34;Fmar;139;Pouv;D;0;45;848;10;723753;8153;0;2;-13406;45;14;44;192000;715600;0;0;1;848;0;0;0;0;1;848;0;0;0;0;14;1;0;848;0;0;1;68
65;1;31;Fcel;92;Part;A;1;60;318167;21;240171;0;240171;1;5452;9;14;18;0;0;0;0;3;318167;2;249355;1;68812;0;0;0;0;0;0;1;1;0;363410;0;0;1;1
31;1;28;Fmar;119;Part;C;17;500;0;2;507440;96391;210301;1;3636;12;15;36;0;200748;0;0;0;0;0;0;0;0;0;0;0;0;0;0;0;2;1;2384;0;0;1;16
31;2;42;Fdiv;49;Pcad;C;0;22;257;21;70047;28692;41355;1;866;22;14;41;0;0;0;0;1;257;0;0;1;257;0;0;0;0;0;0;20;2;0;257;0;0;1;35
31;1;34;Fmar;182;Pouv;B;4;41;0;12;741826;0;0;1;10590;41;15;60;15522;741826;0;0;0;0;0;0;0;0;0;0;0;0;0;0;25;2;0;32007;0;0;1;12
31;1;43;Fmar;176;Pcad;A;4;111;607952;2;506379;0;0;2;35315;111;14;68;210220;506379;1;11756;4;607952;2;515464;1;34281;1;58207;0;0;0;0;30;2;0;922580;191280;1;1;50
31;1;51;Fdiv;132;Pcad;C;1;114;0;42;576929;0;0;1;192261;114;14;85;263500;576929;0;0;0;0;0;0;0;0;0;0;0;0;0;0;42;4;1;242557;58624;0;1;9
31;1;49;Fmar;318;Pcad;B;1;37;75439;0;0;0;0;1;35867;37;14;29;85122;0;0;0;1;75439;1;75439;0;0;0;0;0;0;0;0;12;2;0;125034;2500;0;1;0
31;1;62;Fmar;868;Part;C;1;104;0;10;150664;51314;99350;1;343;0;40;2;0;0;0;0;0;0;0;0;0;0;0;0;0;0;0;0;15;1;0;416;0;0;1;4
31;2;47;Fdiv;203;Pcad;C;2;40;14686;17;274798;12523;0;1;-6456;40;15;39;0;262275;0;0;2;14686;2;14686;0;0;0;0;0;0;0;0;23;2;0;15286;600;0;1;53
31;2;47;Fdiv;88;Pcad;D;1;30;0;0;6751;6751;0;1;5268;30;15;17;0;0;0;0;0;0;0;0;0;0;0;0;0;0;0;0;14;2;0;0;0;0;1;14
31;3;56;Fmar;228;Pcad;A;1;52;373632;0;0;0;0;1;18937;46;14;12;0;0;1;7243;3;373632;1;138276;2;235356;0;0;0;0;0;0;2;1;0;413466;30545;0;1;0
31;1;39;Fdiv;103;Pcad;A;23;60;33478;0;9680;9680;0;2;9197;60;14;75;0;0;2;44647;2;33478;1;3733;1;29745;0;0;0;0;0;0;4;1;0;92343;44647;0;1;6
31;3;64;Fdiv;844;Pret;B;1;41;105919;6;35479;0;35479;1;7595;41;14;31;0;0;1;19100;3;105919;1;29641;2;76278;0;0;0;0;0;0;11;1;0;131386;20100;1;1;31
31;1;51;Fmar;870;Pemp;A;1;22;116894;55;323050;30025;106187;2;-7356;22;14;45;0;186838;1;49937;4;116894;2;13827;1;108;1;102959;0;0;0;0;16;1;0;167951;49937;0;1;85
31;1;50;Fmar;226;Part;A;8;79;30765;10;105636;10350;53339;1;12551;10;15;21;0;41947;0;0;3;30765;1;0;1;29923;1;842;0;0;0;0;4;3;1;66069;0;0;1;0
31;3;46;Fmar;83;Pcad;A;26;76;259179;8;95606;0;95606;2;56651;76;14;79;0;0;4;128483;4;259179;2;145412;1;30444;1;83323;0;0;0;0;14;2;0;1095473;770248;1;1;0
31;1;47;Fmar;161;Part;B;2;29;16878;14;108427;0;108427;1;34312;29;14;36;0;0;0;0;1;16878;1;16878;0;0;0;0;0;0;0;0;6;1;0;55324;1000;0;1;0
97;1;33;Fmar;150;Pcad;A;1;26;580;0;9586;9586;0;2;9110;26;15;34;115000;0;0;0;1;580;0;0;1;580;0;0;0;0;0;0;20;2;0;800;0;0;1;7
31;2;59;Fmar;186;Part;A;13;81;100604;3;97707;0;97707;1;6044;2;16;2;99660;0;1;5818;3;100604;1;27451;1;7000;1;66153;0;0;0;0;5;2;0;126740;5818;1;1;0
31;3;32;Fcel;28;Pemp;D;7;40;15315;3;40086;0;40086;1;-11472;40;14;31;0;0;0;0;1;15315;1;15315;0;0;0;0;0;0;0;0;3;3;0;17795;0;0;1;85
31;1;30;Fcel;27;Pcad;B;2;93;0;0;60000;0;60000;1;45665;32;15;30;0;0;0;0;0;0;0;0;0;0;0;0;0;0;0;0;19;2;0;264783;0;0;1;26
31;2;42;Fmar;18;Pcad;C;13;124;0;5;674032;44178;129677;2;6178;124;14;65;0;500177;1;7842;0;0;0;0;0;0;0;0;0;0;0;0;0;1;0;8613;7842;0;1;51
65;1;45;Fmar;16;Pcad;C;3;24;0;6;70827;4802;66025;1;-359;24;14;22;111100;0;0;0;0;0;0;0;0;0;0;0;0;0;0;0;5;2;0;0;0;0;1;52
31;1;62;Fdiv;8;Pret;C;0;0;29574;0;0;0;0;1;866;0;14;0;0;0;0;0;1;29574;0;0;1;29574;0;0;0;0;0;0;0;1;0;50440;0;0;1;0
64;1;54;Fmar;7;Pcad;C;1;16;0;0;0;0;0;1;159222;16;14;38;95378;0;0;0;0;0;0;0;0;0;0;0;0;0;0;0;17;1;0;23555;0;0;1;0
46;2;40;Fmar;195;Pcad;B;0;29;0;0;0;0;0;1;51724;29;14;8;0;0;1;253915;0;0;0;0;0;0;0;0;0;0;0;0;5;3;1;332200;253915;1;1;0
31;1;45;Fmar;137;Part;A;8;206;337611;7;1643458;0;373966;1;119749;17;10;20;0;1269492;1;147796;5;337611;2;12337;3;325274;0;0;0;0;0;0;2;1;0;692564;147796;0;1;0
75;1;41;Fmar;222;Pouv;D;0;49;23993;13;79535;23971;55564;1;-12177;49;14;134;389362;0;0;0;2;23993;1;23854;1;139;0;0;0;0;0;0;69;3;0;23993;0;0;1;66
65;1;25;Fcel;137;Psan;B;2;8;22983;0;0;0;0;1;-5461;8;10;39;135581;0;0;0;2;22983;1;22793;1;190;0;0;0;0;0;0;19;2;0;122315;90133;0;1;85
75;2;32;Fcel;165;Pemp;A;0;24;402219;0;2041;2041;0;1;-7256;24;10;54;56214;0;1;74263;4;402219;2;401875;2;344;0;0;0;0;0;0;26;2;0;476482;74263;1;1;66
31;1;51;Fcel;76;Pcad;B;0;30;0;0;0;0;0;2;13694;30;14;12;0;0;0;0;0;0;0;0;0;0;0;0;0;0;0;0;9;2;0;54716;0;0;1;0
31;1;44;Fmar;257;Pemp;C;0;48;0;0;0;0;0;2;10626;49;10;61;0;0;0;0;0;0;0;0;0;0;0;0;0;0;0;0;31;2;0;34106;0;0;1;32
31;4;51;Fmar;862;Pemp;B;3;42;548;14;311773;0;132206;1;504;42;10;67;0;179567;0;0;1;548;0;0;0;0;1;548;0;0;0;0;19;2;0;38646;50;0;1;52
31;1;52;Fmar;303;Pemp;B;2;31;0;2;5595;5595;0;1;3472;31;10;62;0;0;0;0;0;0;0;0;0;0;0;0;0;0;0;0;24;2;0;26207;9552;0;1;25
31;1;24;Fcel;87;Pemp;C;4;17;27788;8;49311;567;48744;1;455;2;10;41;0;0;0;0;3;27788;0;0;3;27788;0;0;0;0;0;0;23;2;0;27788;0;0;1;14
33;1;53;Fmar;88;Pemp;D;0;89;0;2;82975;0;82975;1;44851;89;10;30;0;0;0;0;0;0;0;0;0;0;0;0;0;0;0;0;6;1;0;55873;0;0;1;8
31;1;52;Fmar;196;Pcad;A;2;44;121467;0;3037;3037;0;1;22536;44;10;77;0;0;0;0;4;121467;2;86733;2;34734;0;0;0;0;0;0;28;3;0;737828;616361;0;1;6
31;1;46;Fmar;177;Pcad;A;1;33;18892;0;898;898;0;1;7734;33;10;101;114374;0;1;51845;2;18892;0;0;2;18892;0;0;0;0;0;0;40;4;1;70737;51845;0;1;0
31;1;63;Fmar;791;Part;A;2;297;417078;5;243391;125865;117526;1;58283;148;10;82;147400;0;0;0;4;417078;2;97453;2;319625;0;0;0;0;0;0;34;3;0;468185;51107;0;1;5
65;1;35;Fmar;197;Pcad;A;8;122;49904;11;727037;0;121985;2;26798;108;10;130;0;605052;0;0;3;49904;2;8731;1;41173;0;0;0;0;0;0;29;1;0;104655;0;1;1;4
31;2;64;Fdiv;12;Pret;B;0;13;95365;0;0;0;0;1;8210;13;10;42;0;0;0;0;3;95365;0;0;3;95365;0;0;0;0;0;0;16;1;0;159394;62803;1;1;5
31;3;42;Fmar;5;Pcad;C;0;20;0;23;107678;107678;0;1;6906;20;10;9;0;0;0;0;0;0;0;0;0;0;0;0;0;0;0;0;0;1;0;0;0;1;1;11
31;3;36;Fmar;2;Pcad;E;0;1;1100;0;0;0;0;1;1202;1;48;0;0;0;0;0;1;1100;0;0;1;1100;0;0;0;0;0;0;0;1;0;2913;0;0;1;0
81;1;51;Fuli;2;Pcad;E;2;1;0;0;0;0;0;1;1700;1;10;3;84000;0;0;0;0;0;0;0;0;0;0;0;0;0;0;0;0;1;0;3108;0;0;1;0
31;2;52;Fmar;1;Pcad;E;0;0;0;0;780;780;0;1;-390;0;17;1;0;0;0;0;0;0;0;0;0;0;0;0;0;0;0;0;0;2;0;0;0;0;1;6
31;1;54;Fmar;141;Pemp;B;1;46;87724;2;80408;0;80408;1;11797;45;10;84;58706;0;0;0;4;87724;2;5124;2;82600;0;0;0;0;0;0;26;2;0;115048;0;0;1;0
31;2;58;Fmar;5;Psan;D;1;3;28523;0;0;0;0;1;526;3;10;8;130810;0;0;0;2;28523;0;0;2;28523;0;0;0;0;0;0;0;1;0;38677;0;1;1;0
31;1;49;Fmar;212;Part;A;24;52;9120;4;175075;73193;101882;1;-6704;16;11;25;0;0;2;56505;4;9120;2;8809;2;311;0;0;0;0;0;0;19;2;0;65625;56505;0;1;84
31;1;41;Fmar;189;Pcad;A;1;82;17188;99;325515;0;325515;1;23836;82;11;46;34594;0;2;1886424;1;17188;1;17188;0;0;0;0;0;0;0;0;0;2;1;1945469;1886424;0;1;22
31;1;52;Fmar;134;Psan;D;1;25;0;7;106801;27602;79199;2;-8571;25;11;30;0;0;0;0;1;0;1;0;0;0;0;0;0;0;0;0;2;2;0;47519;1500;0;1;93
94;1;36;Fdiv;275;Pemp;B;0;14;2612;24;51401;12755;38646;1;7954;13;11;41;0;0;0;0;2;2612;1;2190;1;422;0;0;0;0;0;0;17;3;0;10489;0;1;1;0
32;1;59;Fmar;217;Pcad;C;16;75;0;3;49857;0;49857;1;21115;75;11;31;143909;0;0;0;0;0;0;0;0;0;0;0;0;0;0;0;0;1;0;32699;500;1;1;8
32;1;54;Fmar;149;Pcad;B;2;28;93080;0;0;0;0;2;3678;24;11;50;0;0;0;0;1;93080;0;0;1;93080;0;0;0;0;0;0;28;2;0;105223;0;1;1;2
65;1;53;Fmar;285;Pcad;A;3;61;345506;0;0;0;0;1;27376;61;11;50;0;0;0;0;3;345506;2;315825;1;29681;0;0;0;0;0;0;23;1;0;355100;750;0;1;2
65;1;44;Fmar;177;Pcad;B;1;17;14038;19;1078217;780;20897;1;4483;17;16;18;0;1056540;0;0;2;14038;1;11359;0;0;1;2679;0;0;0;0;0;1;0;50673;500;0;1;0
31;1;50;Fmar;173;Pcad;B;10;144;39316;9;133507;7177;117603;2;14668;141;11;115;174488;8727;0;0;4;39316;2;8861;2;30455;0;0;0;0;0;0;23;3;0;71976;0;0;1;59
31;3;26;Fcel;119;Psan;B;2;58;45603;0;0;0;0;1;45369;58;15;17;0;0;0;0;1;45603;1;45603;0;0;0;0;0;0;0;0;10;2;0;53583;0;0;1;0
31;1;56;Fmar;158;Pcad;D;4;15;18364;17;23660;23660;0;1;13992;14;15;35;0;0;0;0;1;18364;1;18364;0;0;0;0;0;0;0;0;14;2;0;27040;0;1;1;0
31;4;56;Fmar;718;Pcad;A;2;22;0;0;0;0;0;1;53391;22;15;7;0;0;0;0;0;0;0;0;0;0;0;0;0;0;0;0;0;2;1;48148;0;0;1;0
31;1;61;Fmar;65;Pemp;D;3;15;174394;32;93110;14537;78573;1;1133;15;11;26;0;0;1;9697;3;174394;2;174148;1;246;0;0;0;0;0;0;0;1;0;184091;9697;0;1;48
31;1;35;Fcel;206;Pouv;B;0;20;36222;3;61800;1800;60000;1;-3364;20;11;64;0;0;1;24914;1;36222;0;0;0;0;1;36222;0;0;0;0;38;2;0;118571;24914;0;1;88
31;1;32;Fmar;153;Pemp;C;0;44;0;2;7899;7899;0;1;-1593;36;11;57;0;0;1;950;1;0;0;0;1;0;0;0;0;0;0;0;30;2;0;6831;950;0;1;59
31;1;43;Fmar;243;Pcad;A;12;167;317486;2;200358;0;0;2;22063;162;11;108;0;200358;1;107633;5;317486;2;156043;3;161443;0;0;0;0;0;0;34;2;0;465595;107633;0;1;38
13;3;56;Fdiv;258;Pcad;B;2;167;297046;2;535969;273000;25639;1;100138;117;11;29;208179;237330;0;0;2;297046;1;19790;1;277256;0;0;0;0;0;0;0;3;1;324706;0;1;1;0
31;3;48;Fmar;302;Pcad;B;6;47;0;0;0;0;0;1;46628;47;11;59;0;0;0;0;0;0;0;0;0;0;0;0;0;0;0;0;8;1;0;41153;0;0;1;0
32;2;50;Fcel;57;Pcad;C;0;49;0;0;0;0;0;1;13278;49;11;14;0;0;0;0;0;0;0;0;0;0;0;0;0;0;0;0;3;1;0;24657;0;1;1;35
31;1;65;Fmar;188;Pcad;A;2;17;158372;0;0;0;0;1;17650;13;11;32;0;0;0;0;3;158372;1;49417;2;108955;0;0;0;0;0;0;2;1;0;266087;95038;1;1;0
31;2;40;Fcel;200;Part;B;1;33;283329;0;0;0;0;1;4292;7;11;21;120466;0;0;0;2;283329;2;283329;0;0;0;0;0;0;0;0;13;1;0;318169;10220;0;1;10
31;1;48;Fmar;246;Pouv;B;1;19;45439;0;0;0;0;1;10438;9;15;21;0;0;0;0;3;45439;1;2141;1;30000;1;13298;0;0;0;0;11;1;0;51132;0;0;1;0
31;1;35;Fcel;20;Pemp;C;7;51;20000;0;50000;0;50000;1;12781;49;11;97;0;0;0;0;3;20000;3;20000;0;0;0;0;0;0;0;0;27;3;1;26007;0;0;1;6
65;1;37;Fcel;13;Pemp;B;2;265;230217;32;91259;0;91259;2;69789;223;11;60;0;0;0;0;3;230217;1;100000;2;130217;0;0;0;0;0;0;3;1;0;330629;0;0;1;59
64;1;55;Fmar;12;Pcad;C;0;3;12300;0;142701;2701;140000;1;11872;0;11;33;0;0;0;0;3;12300;1;1800;2;10500;0;0;0;0;0;0;3;2;0;12300;0;0;1;0
31;1;35;Fmar;7;Pcad;C;4;76;0;0;0;0;0;1;93795;76;11;35;0;0;0;0;0;0;0;0;0;0;0;0;0;0;0;0;0;1;0;190260;0;0;1;0
31;1;46;Fmar;15;Pcad;B;1;0;0;0;0;0;0;1;118289;0;17;10;0;0;1;126721;0;0;0;0;0;0;0;0;0;0;0;0;0;1;0;170718;126721;0;1;0
31;3;45;Fmar;28;Pcad;A;3;11;36765;19;61472;0;61472;1;5183;11;15;16;58900;0;0;0;2;36765;1;6765;1;30000;0;0;0;0;0;0;0;1;0;143323;97063;0;1;15
31;1;54;Fcel;320;Pcad;A;0;23;208838;0;0;0;0;1;2972;21;15;53;160117;0;0;0;3;208838;1;102725;2;106113;0;0;0;0;0;0;17;2;0;213269;0;0;1;2
31;1;49;Fmar;271;Pcad;B;1;35;14295;2;8116;8116;0;1;6446;35;15;86;140750;0;0;0;2;14295;1;0;1;14295;0;0;0;0;0;0;34;3;0;59110;0;0;1;31
31;2;26;Fcel;101;Pcad;B;1;24;368;0;80455;455;80000;2;6343;24;15;55;0;0;0;0;1;368;0;0;1;368;0;0;0;0;0;0;22;2;0;825;0;0;1;5
31;3;58;Fmar;849;Pcad;B;1;61;42575;0;0;0;0;1;19481;61;15;38;0;0;0;0;3;42575;1;28797;2;13778;0;0;0;0;0;0;7;1;0;221249;126054;0;1;0
82;4;38;Fcel;194;Pcad;A;2;15;125977;0;588;588;0;1;5243;15;15;27;0;0;0;0;3;125977;2;125458;1;519;0;0;0;0;0;0;12;1;0;125977;0;0;1;21
65;1;55;Fsep;141;Pcad;B;1;22;5500;23;268334;0;12826;1;8021;20;15;40;274980;255508;0;0;1;5500;1;5500;0;0;0;0;0;0;0;0;9;2;0;19497;0;0;1;16
31;1;45;Fmar;210;Pcad;B;2;20;10176;99;1637956;0;0;2;10923;20;15;11;0;1637956;0;0;3;10176;2;9891;1;285;0;0;0;0;0;0;0;1;0;24627;0;0;1;0
31;4;49;Fmar;288;Pemp;D;2;35;166616;0;37438;37438;0;1;-23765;34;15;52;0;0;0;0;3;166616;2;163207;0;0;1;3409;0;0;0;0;21;1;0;178899;12283;0;1;80
31;1;55;Fcel;289;Pcad;B;1;26;35383;0;0;0;0;1;12567;25;15;43;117000;0;0;0;2;35383;1;34053;1;1330;0;0;0;0;0;0;4;2;0;64471;200;1;1;0
31;1;55;Fmar;314;Pcad;B;2;192;68777;0;0;0;0;1;49707;192;15;53;0;0;0;0;2;68777;0;0;2;68777;0;0;0;0;0;0;20;2;0;533709;0;0;1;0
31;1;49;Fmar;259;Pemp;D;1;102;293990;0;0;0;0;2;27870;102;15;86;0;0;0;0;3;293990;1;10734;2;283256;0;0;0;0;0;0;38;4;0;631593;300;0;1;7
31;2;51;Fcel;252;Pcad;A;2;33;502925;0;0;0;0;1;9849;26;15;62;0;0;1;10650;5;502925;2;277133;2;97562;1;128230;0;0;0;0;19;2;0;689770;172361;0;1;0
75;3;39;Fcel;253;Psan;C;0;21;0;0;0;0;0;1;-3535;21;16;36;325480;0;0;0;0;0;0;0;0;0;0;0;0;0;0;0;13;1;0;9127;0;0;1;73
31;1;38;Fmar;133;Pcad;D;2;23;1900;4;44499;0;44499;1;-4294;22;15;78;0;0;0;0;2;1900;1;1800;1;100;0;0;0;0;0;0;41;2;0;5616;0;0;1;82
31;3;56;Fmar;243;Pcad;A;1;41;145180;0;0;0;0;1;6865;41;15;48;0;0;2;207082;5;145180;3;107217;2;37963;0;0;0;0;0;0;8;1;0;364607;212591;0;1;1
31;1;32;Fdiv;198;Pemp;C;1;14;0;0;0;0;0;1;-672;14;16;23;0;0;0;0;0;0;0;0;0;0;0;0;0;0;0;0;0;1;0;5613;0;1;1;42
31;1;49;Fdiv;127;Pcad;A;20;243;674742;4;1800000;0;0;2;36117;242;15;262;0;1800000;3;1876826;5;674742;2;466464;2;97724;1;110554;0;0;0;0;21;1;0;2871625;2155668;1;1;40
31;2;40;Fcel;199;Pcad;A;1;22;694853;3;38124;0;38124;1;21615;19;15;12;0;0;2;465640;9;694853;2;276106;1;32083;6;386664;0;0;0;0;0;1;0;1590118;843364;0;1;0
82;1;55;Fmar;267;Pcad;B;0;16;138;6;92549;5505;87044;2;-4278;16;15;40;444936;0;0;0;1;138;0;0;1;138;0;0;0;0;0;0;28;3;0;20871;20600;0;1;91
97;2;36;Fcel;160;Pemp;A;0;21;611303;0;0;0;0;1;20939;21;15;43;0;0;0;0;4;611303;2;579603;2;31700;0;0;0;0;0;0;17;2;0;649872;500;0;1;0
31;2;30;Fmar;16;Pcad;C;2;19;0;0;0;0;0;1;41589;19;15;14;0;0;0;0;0;0;0;0;0;0;0;0;0;0;0;0;0;1;0;41943;0;0;1;0
32;5;44;Fuli;10;Pcad;C;2;0;0;0;0;0;0;1;126641;0;15;38;0;0;0;0;0;0;0;0;0;0;0;0;0;0;0;0;0;1;0;118323;49488;0;1;0
31;2;40;Fuli;3;Pcad;D;1;0;0;0;0;0;0;1;477;0;17;2;0;0;0;0;0;0;0;0;0;0;0;0;0;0;0;0;0;2;0;750;0;0;1;0
31;1;53;Fmar;20;Pcad;D;0;0;100;0;0;0;0;1;-621;0;15;4;160500;0;0;0;1;100;0;0;1;100;0;0;0;0;0;0;0;2;0;25309;0;0;1;14
32;5;48;Fmar;7;Pcad;B;6;86;30836;7;666389;0;666389;1;22728;79;15;56;62464;0;0;0;1;30836;1;30836;0;0;0;0;0;0;0;0;5;2;0;415519;355153;0;1;6
31;1;43;Fcel;213;Pcad;B;1;46;36000;0;0;0;0;1;63895;46;11;37;36894;0;0;0;2;36000;1;6400;1;29600;0;0;0;0;0;0;21;2;0;87160;0;0;1;0
31;1;37;Fcel;188;Pcad;A;4;102;383645;2;476476;0;0;1;54735;102;11;34;125100;476476;0;0;5;383645;2;115625;2;266455;1;1565;0;0;0;0;6;1;0;576535;2163;0;1;0
31;3;46;Fmar;248;Pcad;A;3;133;177130;0;17383;0;0;1;71866;133;11;45;0;17383;1;55055;3;177130;1;101573;2;75557;0;0;0;0;0;0;11;1;0;338550;117925;1;1;0
31;1;33;Fmar;111;Pemp;B;1;15;53482;0;0;0;0;2;677;13;11;38;0;0;0;0;3;53482;2;49993;1;3489;0;0;0;0;0;0;24;1;0;61515;6271;0;1;42
11;1;45;Fmar;811;Psan;A;1;79;322007;0;0;0;0;1;101762;79;15;32;6788;0;0;0;2;322007;1;318908;1;3099;0;0;0;0;0;0;0;1;0;423753;0;1;1;0
65;1;51;Fmar;217;Part;B;0;14;105;13;228511;59572;168939;2;10221;12;11;14;0;0;1;7897;1;105;0;0;1;105;0;0;0;0;0;0;0;1;0;10541;7897;0;1;23
31;1;40;Fmar;165;Pemp;B;2;45;10297;0;0;0;0;1;4153;45;11;62;69000;0;1;9632;2;10297;1;0;1;10297;0;0;0;0;0;0;17;1;0;25144;9832;0;1;27
31;1;37;Fmar;195;Pcad;D;2;105;136023;12;986183;12243;44362;1;22584;75;11;81;0;929578;0;0;2;136023;1;11807;1;124216;0;0;0;0;0;0;52;3;0;136023;0;1;1;0
31;2;46;Fmar;230;Pcad;A;2;21;56981;0;0;0;0;1;2965;21;11;34;150600;0;0;0;3;56981;2;56881;1;100;0;0;0;0;0;0;16;3;0;66742;8500;0;1;4
97;3;28;Fcel;35;Pcad;B;0;16;61803;0;0;0;0;1;5758;16;11;60;0;0;0;0;2;61803;1;52803;1;9000;0;0;0;0;0;0;40;2;0;65637;0;0;1;0
31;3;55;Fmar;263;Pcad;A;1;51;380;1;18688;18688;0;1;16960;51;11;61;160372;0;0;0;3;380;1;0;2;380;0;0;0;0;0;0;19;2;0;880;500;0;1;14
31;1;32;Fdiv;148;Pemp;D;3;14;34189;0;0;0;0;1;18125;7;11;69;0;0;0;0;2;34189;1;34000;1;189;0;0;0;0;0;0;29;2;0;44655;0;1;1;0
31;2;50;Fmar;55;Pcad;B;5;41;33100;0;0;0;0;1;10768;41;11;40;0;0;0;0;1;33100;0;0;1;33100;0;0;0;0;0;0;17;3;0;41219;0;0;1;4
31;1;53;Fmar;38;Pcad;D;2;34;38975;2;9587;9587;0;1;27785;34;11;69;0;0;0;0;2;38975;1;9316;1;29659;0;0;0;0;0;0;31;3;0;46627;0;0;1;0
31;1;26;Fcel;93;Pcad;A;0;16;99895;0;0;0;0;2;20794;16;11;27;0;0;0;0;2;99895;1;98961;1;934;0;0;0;0;0;0;16;2;0;143809;0;0;1;0
31;1;51;Fmar;245;Pcad;D;3;11;0;96;121507;24404;97103;1;44;11;24;8;36240;0;0;0;0;0;0;0;0;0;0;0;0;0;0;0;0;1;0;522;0;0;1;35
31;1;33;Fmar;114;Pemp;B;4;36;1645;23;600733;0;0;2;1704;26;11;82;0;600733;1;7296;4;1645;4;1645;0;0;0;0;0;0;0;0;22;2;0;11325;7296;1;1;38
31;1;44;Fmar;179;Pcad;D;0;76;0;17;300564;0;0;1;43108;76;11;66;0;300564;0;0;0;0;0;0;0;0;0;0;0;0;0;0;33;2;0;18176;300;1;1;6
31;1;50;Fmar;46;Pcad;D;0;0;0;0;203720;203720;0;1;-56957;0;11;3;138000;0;0;0;0;0;0;0;0;0;0;0;0;0;0;0;0;2;0;0;0;0;1;85
31;1;39;Fveu;250;Pcad;B;7;46;9931;21;336246;11204;69636;1;4856;46;11;81;0;255406;0;0;4;9931;2;9417;2;514;0;0;0;0;0;0;23;2;0;19643;9712;1;1;18
31;1;44;Fcel;183;Pcad;A;3;40;586394;0;198;198;0;1;11034;22;11;43;84000;0;4;195155;4;586394;1;254477;2;33809;1;298108;0;0;0;0;7;2;0;964227;377833;1;1;0
82;3;64;Fmar;153;Pcad;A;1;66;340730;19;267188;0;267188;1;12360;56;11;56;0;0;1;41961;4;340730;2;220570;2;120160;0;0;0;0;0;0;8;2;0;396964;41961;0;1;6
31;3;31;Fuli;127;Pemp;A;1;21;312787;40;441632;0;0;1;1970;21;11;40;0;441632;0;0;3;312787;2;306787;1;6000;0;0;0;0;0;0;8;2;0;324409;11482;0;1;55
31;3;40;Fdiv;31;Pcad;D;1;21;7175;10;112027;13399;98628;1;-10664;21;11;38;0;0;0;0;2;7175;1;7050;1;125;0;0;0;0;0;0;5;2;0;7175;0;0;1;92
31;1;27;Fmar;25;Pcad;C;4;44;0;2;9734;9734;0;1;21962;44;11;87;23941;0;0;0;0;0;0;0;0;0;0;0;0;0;0;0;50;1;0;0;0;0;1;4
31;2;38;Fmar;3;Pcad;E;0;18;9300;0;0;0;0;1;6699;18;11;24;56500;0;0;0;1;9300;0;0;1;9300;0;0;0;0;0;0;9;3;0;17452;0;0;1;0
31;1;37;Fmar;1;Pcad;E;2;20;47250;0;0;0;0;1;1023;3;17;10;108500;0;0;0;1;47250;0;0;1;47250;0;0;0;0;0;0;0;1;0;58747;0;0;1;5
31;1;43;Fcel;26;Pcad;D;0;0;7756;0;140220;140220;0;1;-70050;0;11;3;12000;0;0;0;3;7756;1;7371;2;385;0;0;0;0;0;0;0;1;0;7756;0;0;1;8
31;1;39;Fmar;310;Pcad;B;1;100;21737;2;50522;0;31300;1;20055;100;14;51;141894;19222;0;0;2;21737;2;21737;0;0;0;0;0;0;0;0;32;3;0;100441;0;0;1;8
81;1;43;Fmar;231;Pemp;D;2;26;0;13;226858;45871;180987;3;-2454;26;14;69;0;0;0;0;0;0;0;0;0;0;0;0;0;0;0;0;37;1;0;17637;0;0;1;92
32;3;31;Fcel;118;Pcad;D;1;45;128502;0;0;0;0;1;55529;42;14;85;139731;0;0;0;3;128502;1;42000;2;86502;0;0;0;0;0;0;65;2;0;147815;0;0;1;0
65;1;37;Fcel;137;Pcad;B;6;212;0;12;1982579;1361;391697;4;22732;213;14;128;357655;1589521;0;0;1;0;0;0;1;0;0;0;0;0;0;0;41;3;0;63689;0;0;1;24
31;1;59;Fmar;848;Pcad;A;1;354;718094;0;0;0;0;2;105683;193;14;35;203980;0;5;661991;3;718094;1;207693;2;510401;0;0;0;0;0;0;6;2;0;1879699;1140072;0;1;1
31;3;57;Fmar;133;Pcad;B;3;10;10734;0;0;0;0;1;4844;10;15;23;0;0;0;0;1;10734;0;0;1;10734;0;0;0;0;0;0;10;2;0;18167;0;1;1;0
31;1;61;Fmar;206;Pcad;A;1;51;407819;0;0;0;0;1;7757;38;14;92;104436;0;1;29604;2;407819;1;169819;1;238000;0;0;0;0;0;0;36;1;0;442398;29604;0;1;0
31;1;46;Fmar;126;Pcad;B;1;16;82834;0;746;746;0;1;6850;16;14;16;113494;0;0;0;2;82834;0;0;2;82834;0;0;0;0;0;0;0;2;1;82834;0;0;1;0
75;2;29;Fmar;204;Pemp;A;1;22;236693;0;0;0;0;1;4295;22;14;31;0;0;1;37415;3;236693;2;236505;1;188;0;0;0;0;0;0;13;1;0;284236;46085;1;1;0
31;1;48;Fmar;264;Pcad;A;2;117;130589;5;126835;0;126835;2;15027;117;14;47;278400;0;1;81863;2;130589;2;130589;0;0;0;0;0;0;0;0;21;3;0;337797;82363;0;1;57
54;3;43;Fdiv;133;Pcad;D;1;27;100000;0;0;0;0;1;17216;27;15;18;0;0;0;0;1;100000;0;0;1;100000;0;0;0;0;0;0;0;1;0;274277;0;0;1;0
31;6;28;Fcel;33;Pemp;C;4;53;29917;13;97162;0;97162;2;15723;53;15;51;0;0;0;0;2;29917;2;29917;0;0;0;0;0;0;0;0;20;2;0;40054;0;0;1;4
82;3;28;Fmar;22;Pemp;C;1;7;411;0;4269;4269;0;1;5134;7;14;21;0;0;0;0;1;411;0;0;1;411;0;0;0;0;0;0;11;2;0;411;0;0;1;1
65;1;44;Fmar;4;Pcad;E;0;10;0;0;0;0;0;1;10709;10;18;2;0;0;0;0;1;0;0;0;1;0;0;0;0;0;0;0;0;1;0;29227;0;0;1;12
65;1;34;Fcel;2;Pcad;E;1;1;200;0;0;0;0;1;1278;1;29;4;0;0;0;0;2;200;0;0;2;200;0;0;0;0;0;0;0;1;0;2755;0;0;1;0
82;5;43;Fcel;1;Pcad;E;3;5;0;0;0;0;0;1;2649;5;14;9;0;0;0;0;0;0;0;0;0;0;0;0;0;0;0;0;2;1;0;6047;0;0;1;0
31;2;35;Fmar;196;Pcad;A;4;214;224826;13;1772689;0;201041;3;34221;213;13;119;0;1571648;0;0;4;224826;2;107510;2;117316;0;0;0;0;0;0;43;4;0;271359;200;0;1;0
31;1;40;Fmar;309;Pcad;A;4;156;724959;14;1681684;63442;1618242;2;38831;157;13;58;0;0;0;0;2;724959;1;404448;1;320511;0;0;0;0;0;0;17;2;0;751664;16110;0;1;7
9;1;47;Fdiv;156;Psan;B;2;11;34696;0;0;0;0;1;3703;8;14;24;0;0;1;94518;4;34696;1;2294;3;32402;0;0;0;0;0;0;15;1;0;139033;94518;0;1;34
75;1;56;Fcel;131;Pcad;B;1;31;29618;8;206323;0;75670;1;65548;31;13;63;0;130653;0;0;1;29618;0;0;1;29618;0;0;0;0;0;0;31;2;0;69425;0;0;1;0
31;1;54;Fmar;124;Pcad;B;3;821;0;0;0;0;0;1;76492;35;13;90;0;0;1;5130212;0;0;0;0;0;0;0;0;0;0;0;0;51;1;0;9299466;7066619;0;1;34
32;1;38;Fmar;69;Pcad;D;0;0;0;0;0;0;0;1;0;0;13;0;96000;0;0;0;0;0;0;0;0;0;0;0;0;0;0;0;0;1;0;107750;0;0;1;0
13;1;28;Fcel;143;Pemp;A;1;37;56153;5;10694;0;10694;2;12383;37;13;41;167866;0;0;0;2;56153;1;28639;1;27514;0;0;0;0;0;0;17;4;0;83142;0;0;1;0
65;1;53;Fmar;842;Pcad;C;0;59;8302;12;194231;31503;162728;2;2420;60;13;97;1331530;0;0;0;1;8302;1;8302;0;0;0;0;0;0;0;0;33;3;1;12896;0;0;1;85
65;1;60;Fmar;121;Pcad;B;0;20;108930;0;0;0;0;1;3048;0;23;1;0;0;1;695634;3;108930;1;67966;2;40964;0;0;0;0;0;0;0;1;0;946222;834743;0;1;0
65;1;36;Fcel;90;Pemp;A;2;41;104075;4;35070;1091;33979;2;6647;41;13;99;0;0;1;6309;2;104075;2;104075;0;0;0;0;0;0;0;0;63;2;0;127768;15523;0;1;33
65;1;36;Fmar;55;Psan;B;3;10;17660;0;0;0;0;1;6277;10;13;14;24500;0;0;0;4;17660;2;2201;2;15459;0;0;0;0;0;0;0;1;0;25317;0;1;1;0
31;1;52;Fmar;277;Pcad;A;3;39;721486;43;276238;0;0;1;5150;21;13;45;0;276238;0;0;4;721486;2;314252;1;90553;1;316681;0;0;0;0;3;2;0;1222651;493616;0;1;0
31;1;49;Fmar;210;Pcad;D;0;0;0;0;0;0;0;1;0;0;0;0;0;0;0;0;0;0;0;0;0;0;0;0;0;0;0;0;0;1;0;0;0;0;1;0
31;1;42;Fmar;92;Pcad;B;1;10;332105;0;0;0;0;1;8232;10;13;7;0;0;0;0;2;332105;1;312478;1;19627;0;0;0;0;0;0;0;1;0;342452;0;0;1;0
31;1;56;Fmar;234;Pcad;A;2;31;70052;22;102290;0;102290;2;26196;31;13;57;0;0;1;44439;2;70052;0;0;2;70052;0;0;0;0;0;0;10;3;0;141643;44439;0;1;0
31;1;56;Fmar;213;Pcad;B;1;22;17646;0;0;0;0;1;5823;22;13;50;124930;0;0;0;1;17646;0;0;1;17646;0;0;0;0;0;0;15;2;0;22570;0;0;1;0
65;1;53;Fmar;842;Pcad;B;9;99;45692;9;327061;0;192856;2;20841;96;13;111;268006;134205;0;0;2;45692;2;45692;0;0;0;0;0;0;0;0;16;3;0;119058;0;0;1;41
31;3;52;Fsep;106;Part;C;5;21;0;10;127730;0;127730;1;-808;21;13;13;158236;0;0;0;0;0;0;0;0;0;0;0;0;0;0;0;1;2;0;4780;0;0;1;46
92;2;29;Fcel;135;Pcad;A;0;26;305259;13;249652;0;0;1;6863;25;13;30;0;249652;1;32721;4;305259;2;190975;2;114284;0;0;0;0;0;0;6;2;0;386834;73770;0;1;0
31;1;52;Fmar;171;Pcad;A;2;21;258233;0;0;0;0;1;7029;18;13;34;217600;0;0;0;4;258233;2;245033;2;13200;0;0;0;0;0;0;5;2;0;270244;7624;1;1;0
31;1;25;Fcel;86;Psan;B;3;10;41677;0;0;0;0;1;42549;10;13;24;143500;0;0;0;2;41677;1;41318;1;359;0;0;0;0;0;0;14;3;1;87929;4230;0;1;0
31;1;47;Fmar;267;Part;C;11;351;134;3;360884;46024;45899;0;0;0;0;0;0;268961;0;0;1;134;0;0;1;134;0;0;0;0;0;0;0;1;0;71689;500;0;1;0
31;1;65;Fdiv;166;Psan;B;2;20;0;0;0;0;0;1;9200;20;13;38;92000;0;0;0;0;0;0;0;0;0;0;0;0;0;0;0;12;2;0;25021;0;1;1;0
65;1;64;Fmar;127;Pret;A;5;45;247969;0;0;0;0;1;18634;45;13;61;238743;0;4;375101;4;247969;2;138056;2;109913;0;0;0;0;0;0;14;2;0;944260;671257;0;1;0
31;1;32;Fcel;29;Pemp;A;5;16;551833;9;147689;0;0;1;11304;16;13;38;0;147689;0;0;4;551833;2;181639;2;370194;0;0;0;0;0;0;0;2;1;562050;0;0;1;0
31;1;36;Fcel;28;Pcad;A;0;17;209620;0;0;0;0;1;7946;17;23;7;0;0;0;0;3;209620;1;100000;2;109620;0;0;0;0;0;0;0;1;0;214156;0;0;1;0
31;1;60;Fmar;27;Pcad;C;2;28;30522;0;0;0;0;1;49622;28;14;56;0;0;0;0;1;30522;0;0;1;30522;0;0;0;0;0;0;19;1;0;96681;0;0;1;0
31;1;37;Fcel;16;Pemp;B;1;12;167002;0;0;0;0;1;10365;12;13;17;44000;0;0;0;1;167002;1;167002;0;0;0;0;0;0;0;0;4;1;0;169438;0;1;1;0
31;1;55;Fmar;13;Pcad;A;1;54;130041;0;0;0;0;1;37097;54;14;57;0;0;1;105281;2;130041;0;0;2;130041;0;0;0;0;0;0;21;2;0;241939;105281;1;1;0
31;2;36;Fcel;6;Pcad;C;3;519;500;0;12802;12802;0;1;42263;168;13;67;3394;0;0;0;1;500;0;0;1;500;0;0;0;0;0;0;39;2;0;407687;0;0;1;12
31;1;31;Fuli;5;Pcad;E;0;0;0;0;60940;1792;59148;1;-24136;0;37;1;0;0;0;0;1;0;1;0;0;0;0;0;0;0;0;0;0;1;0;0;0;0;1;65
31;1;41;Fmar;3;Pcad;E;0;10;0;0;0;0;0;1;10333;10;13;1;0;0;0;0;1;0;0;0;1;0;0;0;0;0;0;0;0;1;0;41200;0;0;1;0
31;4;41;Fcel;3;Pcad;E;1;4;0;0;230000;0;0;1;7409;4;19;6;0;230000;0;0;0;0;0;0;0;0;0;0;0;0;0;0;0;1;0;13600;0;0;1;0
66;1;37;Fcel;1;Psan;E;0;281;70000;0;0;0;0;1;173228;234;13;19;3394;0;0;0;2;70000;0;0;2;70000;0;0;0;0;0;0;7;1;0;1323736;524262;0;1;6
31;1;62;Fmar;1;Pret;E;2;9;600;0;0;0;0;1;1980;9;13;10;0;0;0;0;2;600;0;0;2;600;0;0;0;0;0;0;3;1;0;20721;0;0;1;0
65;1;62;Fmar;1;Pret;E;4;4;0;0;50000;0;50000;1;1785;4;14;8;0;0;0;0;0;0;0;0;0;0;0;0;0;0;0;0;0;1;0;39207;0;0;1;4
31;2;46;Fmar;864;Pcad;B;1;8;11266;0;0;0;0;1;7432;4;12;2;200730;0;0;0;2;11266;0;0;2;11266;0;0;0;0;0;0;0;3;0;18928;0;0;1;0
31;1;41;Fcel;152;Pcad;A;1;45;150753;0;0;0;0;2;8489;25;12;27;0;0;0;0;3;150753;1;99831;2;50922;0;0;0;0;0;0;4;2;0;174645;0;1;1;4
82;1;53;Fmar;111;Pcad;A;3;31;176633;0;0;0;0;1;9384;31;12;80;0;0;0;0;3;176633;0;0;3;176633;0;0;0;0;0;0;29;3;0;183551;0;0;1;0
65;1;56;Fdiv;47;Psan;D;1;4;0;0;0;0;0;2;827;4;12;14;0;0;0;0;0;0;0;0;0;0;0;0;0;0;0;0;0;1;0;1611;0;0;1;30
31;1;36;Fcel;216;Pcad;A;17;96;19497;6;624519;2810;147412;2;24601;86;12;130;246297;474297;1;39889;4;19497;3;12497;1;7000;0;0;0;0;0;0;11;1;0;121021;59126;0;1;19
65;1;27;Fcel;113;Pemp;B;0;31;9510;6;140924;97742;43182;2;51945;31;15;86;0;0;0;0;2;9510;1;8920;1;590;0;0;0;0;0;0;59;3;0;110773;3211;0;1;8
65;1;37;Fmar;70;Pemp;A;0;4;73018;26;283098;0;0;1;1901;1;33;2;0;283098;0;0;2;73018;2;73018;0;0;0;0;0;0;0;0;0;1;0;75631;2247;0;1;1
31;4;47;Fmar;288;Pcad;B;5;48;64532;0;15447;15447;0;2;8358;49;12;74;0;0;0;0;1;64532;0;0;1;64532;0;0;0;0;0;0;16;2;0;67149;0;0;1;0
31;1;42;Fmar;203;Pemp;A;8;40;36461;10;215668;29604;104330;2;926;39;12;112;0;81734;0;0;4;36461;2;36193;2;268;0;0;0;0;0;0;52;4;0;37843;400;0;1;73
31;1;52;Fmar;246;Pcad;B;4;15;71184;35;463014;0;0;3;3486;15;12;38;0;463014;0;0;3;71184;2;71084;1;100;0;0;0;0;0;0;7;2;0;116463;31066;0;1;0
31;2;47;Fmar;152;Pcad;B;1;34;73851;56;492189;22642;11365;1;-10962;34;12;56;0;458182;1;29422;3;73851;2;73574;1;277;0;0;0;0;0;0;17;2;0;103273;29422;0;1;83
31;2;26;Fcel;240;Psan;A;3;6;176275;0;0;0;0;1;51104;6;12;30;0;0;1;383524;2;176275;1;146392;1;29883;0;0;0;0;0;0;22;1;0;829836;611671;0;1;0
65;1;47;Fmar;286;Pcad;A;0;61;116617;4;84294;2756;81538;1;21526;54;12;40;0;0;1;207025;2;116617;1;45889;1;70728;0;0;0;0;0;0;8;2;0;427112;310495;0;1;5
31;3;57;Fmar;291;Pcad;A;1;141;470455;13;127938;0;127938;1;70459;82;15;12;0;0;1;41702;1;470455;0;0;0;0;1;470455;0;0;0;0;0;1;0;588246;42202;0;1;0
31;3;37;Fmar;142;Pcad;B;10;1721;82745;0;515015;76092;0;1;2959;948;12;56;116970;438923;2;122076;3;82745;1;31895;2;50850;0;0;0;0;0;0;0;1;0;1225600;122781;0;1;52
31;2;49;Fmar;146;Pcad;B;3;258;11017;0;780;780;0;2;6955;257;12;68;376828;0;0;0;1;11017;1;11017;0;0;0;0;0;0;0;0;41;3;1;626561;0;0;1;49
31;3;49;Fdiv;289;Pcad;B;0;3;0;0;0;0;0;1;9367;3;12;4;0;0;0;0;0;0;0;0;0;0;0;0;0;0;0;0;0;1;0;196076;0;0;1;16
92;1;32;Fcel;72;Pcad;A;2;40;181131;0;0;0;0;1;67785;33;12;58;133100;0;1;23148;3;181131;1;84397;2;96734;0;0;0;0;0;0;32;2;0;248870;23148;0;1;0
31;1;31;Fcel;38;Pcad;C;2;28;61036;0;0;0;0;1;11325;28;12;34;0;0;0;0;1;61036;1;61036;0;0;0;0;0;0;0;0;22;2;0;75248;0;0;1;0
97;1;41;Fcel;64;Pemp;D;0;25;0;0;781861;16916;113098;2;8472;25;12;26;0;651847;0;0;0;0;0;0;0;0;0;0;0;0;0;0;2;1;0;0;0;0;1;23
31;1;53;Fmar;292;Pcad;A;1;29;187117;13;129062;0;8350;2;60293;30;12;56;0;120712;2;114586;2;187117;1;157194;1;29923;0;0;0;0;0;0;29;2;0;471222;206517;0;1;0
11;1;47;Fcel;137;Pcad;B;2;22;176;0;97423;47423;50000;1;-35443;22;12;108;564236;0;1;104343;1;176;0;0;1;176;0;0;0;0;0;0;56;2;0;104519;104343;0;1;87
31;2;46;Fmar;34;Pcad;A;2;52;186878;6;563254;0;0;3;25340;52;12;65;0;563254;0;0;2;186878;2;186878;0;0;0;0;0;0;0;0;23;3;0;211459;0;0;1;0
31;1;44;Fcel;31;Pcad;A;6;160;341572;19;3472938;0;0;1;53943;85;12;44;115736;3472938;1;1122774;1;341572;0;0;1;341572;0;0;0;0;0;0;10;1;0;1464537;1122774;0;1;0
31;1;31;Fuli;24;Pcad;D;0;9;0;11;95889;0;95889;2;-511;9;12;31;880660;0;0;0;0;0;0;0;0;0;0;0;0;0;0;0;2;1;0;3244;0;0;1;64
31;1;30;Fmar;19;Pcad;D;3;34;0;0;0;0;0;1;25738;34;12;40;0;0;0;0;0;0;0;0;0;0;0;0;0;0;0;0;12;1;0;10276;0;0;1;19
92;1;34;Fcel;17;Pcad;A;0;25;168960;0;0;0;0;1;32032;25;12;40;0;0;1;49941;3;168960;2;138960;1;30000;0;0;0;0;0;0;13;2;0;248877;49941;0;1;0
31;1;51;Fcel;4;Pcad;A;2;94;56581;0;0;0;0;1;22750;55;12;15;0;0;0;0;2;56581;1;39999;1;16582;0;0;0;0;0;0;0;1;0;73806;0;0;1;1
32;3;34;Fmar;2;Pcad;E;2;0;0;0;1173;1173;0;1;456;0;12;6;0;0;0;0;0;0;0;0;0;0;0;0;0;0;0;0;3;1;0;0;0;0;1;1
31;3;38;Fuli;1;Pcad;E;0;0;0;0;140000;0;140000;1;69750;0;15;2;0;0;0;0;0;0;0;0;0;0;0;0;0;0;0;0;0;1;0;139500;0;0;1;0
81;2;30;Fcel;1;Pcad;E;0;0;0;0;0;0;0;1;0;0;0;0;0;0;0;0;0;0;0;0;0;0;0;0;0;0;0;0;0;1;0;0;0;0;1;0
65;1;47;Fmar;29;Part;B;0;17;377079;0;0;0;0;1;0;0;0;0;0;0;1;635968;1;377079;0;0;1;377079;0;0;0;0;0;0;0;1;0;1013047;635968;0;1;0
31;1;63;Fveu;1;Pcad;E;0;0;0;0;0;0;0;1;0;0;0;0;84000;0;0;0;0;0;0;0;0;0;0;0;0;0;0;0;0;1;0;0;0;0;1;0
81;3;46;Fmar;165;Psan;B;0;53;97764;30;1112089;6148;131713;1;11281;53;12;64;110400;974228;0;0;3;97764;0;0;3;97764;0;0;0;0;0;0;27;2;0;97764;0;0;1;1
31;1;31;Fmar;31;Pcad;A;2;108;202000;1;95703;0;95703;2;15665;41;12;43;176044;0;0;0;2;202000;1;202000;0;0;1;0;0;0;0;0;16;3;0;213500;0;0;1;0
31;1;32;Fcel;167;Pemp;B;0;13;47710;5;2557;2557;0;2;3704;13;14;28;104000;0;0;0;4;47710;2;11591;2;36119;0;0;0;0;0;0;11;2;0;65855;200;0;1;4
65;1;54;Fmar;252;Pcad;A;3;27;259665;0;0;0;0;1;7576;27;14;58;52200;0;1;28352;4;259665;2;156216;1;26100;1;77349;0;0;0;0;0;2;1;306334;28352;1;1;2
31;1;49;Fdiv;179;Pcad;B;2;35;2207;18;629478;0;0;1;16606;35;14;41;161900;629478;0;0;2;2207;2;2207;0;0;0;0;0;0;0;0;16;2;0;12127;4265;1;1;1
31;1;26;Fcel;97;Pemp;C;3;57;11080;4;36408;0;36408;1;39691;57;14;43;0;0;0;0;6;11080;4;10500;2;580;0;0;0;0;0;0;12;1;0;101328;0;0;1;0
31;1;55;Fmar;862;Pemp;B;1;45;0;0;0;0;0;1;32731;45;14;36;114900;0;0;0;0;0;0;0;0;0;0;0;0;0;0;0;8;2;0;25762;200;0;1;0
31;1;51;Fmar;130;Pcad;B;0;64;29817;3;52038;0;52038;1;12622;64;14;77;0;0;0;0;2;29817;1;0;1;29817;0;0;0;0;0;0;37;2;0;47473;0;0;1;0
31;2;31;Fcel;90;Part;C;9;80;1800;4;118766;1645;117121;1;-8682;5;15;28;0;0;1;1217;1;1800;1;1800;0;0;0;0;0;0;0;0;17;2;0;8328;1217;0;1;87
31;4;37;Fmar;77;Pemp;B;1;10;67510;0;0;0;0;1;9159;10;15;8;0;0;1;32815;2;67510;1;67337;1;173;0;0;0;0;0;0;2;3;1;115753;32815;0;1;11
31;4;51;Fmar;234;Pcad;B;2;50;0;8;254286;0;254286;1;34489;50;15;49;126872;0;0;0;0;0;0;0;0;0;0;0;0;0;0;0;14;2;0;45815;2750;0;1;0
31;2;46;Fmar;304;Pemp;B;3;62;45894;1;36110;414;35696;3;4915;62;14;76;0;0;1;38667;2;45894;1;42894;1;3000;0;0;0;0;0;0;30;2;0;95364;39667;0;1;39
31;1;54;Fcel;327;Pcad;A;3;78;202329;0;0;0;0;1;27652;78;14;36;59312;0;0;0;3;202329;1;2242;2;200087;0;0;0;0;0;0;0;1;0;218058;0;0;1;0
65;1;49;Fmar;853;Pemp;A;0;25;243984;0;0;0;0;2;18121;25;15;48;0;0;0;0;3;243984;1;101152;2;142832;0;0;0;0;0;0;17;1;0;252816;0;0;1;39
31;3;36;Fdiv;45;Part;B;1;27;30071;15;171529;24802;146727;1;-10979;27;14;28;367636;0;0;0;2;30071;1;17964;1;12107;0;0;0;0;0;0;4;2;0;30271;200;0;1;78
32;1;36;Fcel;126;Pcad;B;20;613;66000;0;20000;20000;0;2;10560;565;14;111;0;0;0;0;4;66000;3;66000;1;0;0;0;0;0;0;0;3;1;0;206586;1000;0;1;83
31;1;44;Fcel;224;Pcad;B;2;31;10982;0;0;0;0;1;7175;31;14;53;219350;0;0;0;2;10982;0;0;2;10982;0;0;0;0;0;0;25;2;0;188450;169800;0;1;0
97;1;44;Fmar;207;Pemp;B;0;29;100251;14;45693;0;45693;1;5936;29;14;76;0;0;0;0;2;100251;1;97672;1;2579;0;0;0;0;0;0;42;2;0;111125;500;0;1;12
31;1;37;Fcel;179;Pcad;B;2;28;3415;30;908888;22099;91324;2;-6338;27;14;66;201643;795465;0;0;3;3415;1;2202;2;1213;0;0;0;0;0;0;11;2;0;3541;0;0;1;92
31;1;51;Fmar;168;Pcad;B;5;40;57807;0;21322;21322;0;2;13321;40;14;91;0;0;0;0;3;57807;1;2189;2;55618;0;0;0;0;0;0;16;2;0;68456;0;0;1;18
31;1;44;Fmar;3;Pcad;E;1;3;0;0;0;0;0;1;1207;3;15;9;0;0;0;0;0;0;0;0;0;0;0;0;0;0;0;0;7;1;0;6924;0;0;1;19
31;1;58;Fmar;857;Pouv;B;0;23;33318;0;0;0;0;1;12605;23;14;39;0;0;0;0;1;33318;0;0;0;0;1;33318;0;0;0;0;20;2;0;87922;51959;0;1;0
31;1;35;Fcel;37;Pemp;C;4;22;700;13;241678;19203;16467;1;-2421;22;14;53;0;206008;0;0;1;700;0;0;1;700;0;0;0;0;0;0;26;2;0;1891;0;1;1;57
82;3;33;Fmar;32;Pcad;B;7;53;92059;13;242134;0;0;2;8543;36;14;127;0;242134;0;0;1;92059;1;92059;0;0;0;0;0;0;0;0;49;3;0;102433;0;0;1;2
31;1;42;Fmar;24;Pcad;B;4;31;8000;0;0;0;0;1;8895;31;14;36;0;0;0;0;1;8000;1;8000;0;0;0;0;0;0;0;0;18;1;0;12103;0;0;1;7
65;1;45;Fmar;14;Pcad;C;2;3;0;45;500780;500780;0;2;356;3;22;8;0;0;0;0;0;0;0;0;0;0;0;0;0;0;0;0;0;1;0;1226;0;0;1;19
31;2;42;Fcel;5;Pcad;D;2;7;0;0;0;0;0;1;7981;7;22;4;0;0;0;0;0;0;0;0;0;0;0;0;0;0;0;0;0;2;0;11734;0;0;1;0
31;2;57;Fmar;5;Pemp;D;5;21;0;0;0;0;0;1;9533;21;14;27;0;0;0;0;0;0;0;0;0;0;0;0;0;0;0;0;10;2;0;16042;0;1;1;6
32;1;36;Fmar;4;Pcad;C;3;33;0;0;11453;11453;0;1;12784;33;14;56;1530;0;0;0;0;0;0;0;0;0;0;0;0;0;0;0;24;2;0;0;0;0;1;7
65;1;45;Fdiv;1;Pcad;E;0;0;0;0;0;0;0;2;0;0;14;0;0;0;0;0;0;0;0;0;0;0;0;0;0;0;0;0;0;1;0;11200;0;0;1;0
31;1;40;Fmar;1;Pcad;E;1;2;0;0;280;280;0;1;3266;2;14;2;80100;0;0;0;0;0;0;0;0;0;0;0;0;0;0;0;0;1;0;0;0;0;1;0
65;1;47;Fmar;246;Pcad;A;0;63;27251;7;675145;9297;0;1;7247;56;16;94;158401;665848;1;69568;3;27251;2;26743;1;508;0;0;0;0;0;0;42;2;0;279138;251887;0;1;11
31;1;40;Fmar;134;Pcad;B;0;132;8232;14;262000;10466;251534;2;-1088;132;16;145;0;0;2;78681;3;8232;2;8030;1;202;0;0;0;0;0;0;63;2;0;109890;101255;0;1;89
31;1;36;Fcel;61;Pemp;A;8;26;127235;7;67939;19203;48736;1;12733;26;16;33;0;0;0;0;2;127235;2;127235;0;0;0;0;0;0;0;0;7;2;0;141517;6705;0;1;0
31;1;42;Fmar;214;Pcad;B;1;29;2691;8;130036;13344;116692;1;-4680;29;20;16;0;0;0;0;2;2691;1;2167;1;524;0;0;0;0;0;0;1;1;0;3191;500;0;1;49
31;2;47;Fmar;235;Pemp;A;0;33;23479;1;30002;0;0;1;9886;33;16;71;87572;30002;0;0;2;23479;1;23342;1;137;0;0;0;0;0;0;38;2;0;25944;200;0;1;3
31;2;39;Fmar;110;Pcad;B;0;24;14012;0;0;0;0;1;7242;24;16;21;0;0;0;0;1;14012;0;0;1;14012;0;0;0;0;0;0;12;1;0;14327;0;0;1;7
31;2;52;Fdiv;84;Pcad;D;0;26;0;0;60000;0;60000;1;19703;26;21;10;0;0;0;0;0;0;0;0;0;0;0;0;0;0;0;0;0;1;0;48976;0;0;1;7
65;5;41;Fmar;54;Pcad;A;10;113;625795;7;200851;35367;165484;3;9161;113;16;88;0;0;0;0;3;625795;1;377634;1;20621;1;227540;0;0;0;0;2;2;0;667929;12821;0;1;40
75;2;31;Fcel;105;Pcad;A;2;43;464157;0;0;0;0;2;18656;41;16;80;116288;0;0;0;3;464157;2;463084;1;1073;0;0;0;0;0;0;41;4;0;485105;0;0;1;22
31;1;35;Fcel;147;Pcad;D;1;20;17200;28;151455;0;52763;1;56017;20;16;18;199803;98692;1;6476;4;17200;2;17000;2;200;0;0;0;0;0;0;3;2;0;56743;6476;0;1;0
31;2;46;Fmar;233;Pemp;A;0;33;53314;18;29827;16882;12945;1;8423;33;16;74;0;0;0;0;2;53314;1;52806;1;508;0;0;0;0;0;0;38;1;0;69868;16554;0;1;10
31;1;45;Fmar;128;Pcad;B;0;43;55232;0;10321;10321;0;2;5332;43;16;39;0;0;0;0;2;55232;0;0;2;55232;0;0;0;0;0;0;19;2;0;55232;0;0;1;4
31;1;52;Fmar;268;Pcad;A;1;35;112775;11;140683;1422;0;1;1296;35;20;67;0;139261;0;0;3;112775;2;112325;1;450;0;0;0;0;0;0;44;3;1;112775;0;0;1;55
47;1;35;Fcel;37;Psan;D;0;33;19000;10;99442;41861;57581;1;4078;33;16;68;0;0;0;0;2;19000;2;19000;0;0;0;0;0;0;0;0;36;2;0;20631;0;0;1;29
82;1;50;Fdiv;36;Pcad;B;5;36;3100;4;34087;34087;0;2;446;36;16;86;0;0;0;0;1;3100;0;0;1;3100;0;0;0;0;0;0;37;3;0;3100;0;0;1;94
31;1;39;Fmar;31;Pcad;B;16;86;504;1;16407;16407;0;2;6957;86;16;95;193510;0;0;0;1;504;0;0;1;504;0;0;0;0;0;0;21;4;0;4596;0;0;1;31
65;1;29;Fmar;61;Pemp;A;4;42;77304;4;28095;0;28095;1;10852;42;16;74;215174;0;0;0;3;77304;1;66500;2;10804;0;0;0;0;0;0;16;1;0;97900;0;0;1;7
31;1;56;Fmar;786;Pemp;A;0;85;258384;38;214874;4661;23026;4;17683;9;13;32;68490;187187;1;54536;3;258384;2;227337;1;31047;0;0;0;0;0;0;16;1;0;347262;54536;1;0;2
31;1;46;Fmar;313;Pemp;D;2;10;0;35;395634;0;0;1;2236;10;13;26;0;395634;0;0;0;0;0;0;0;0;0;0;0;0;0;0;1;1;0;3063;0;1;0;6
31;1;64;Fmar;312;Pouv;B;1;5;4824;0;0;0;0;1;13541;5;13;8;36000;0;0;0;2;4824;2;4824;0;0;0;0;0;0;0;0;0;1;0;15499;0;1;0;0
31;1;49;Fcel;302;Pcad;A;1;14;57263;14;35987;0;1810;1;4181;14;13;57;0;34177;0;0;4;57263;2;37630;2;19633;0;0;0;0;0;0;0;1;1;63901;0;1;0;0
31;1;43;Fmar;290;Pemp;B;0;99;7010;25;116962;0;0;1;109831;56;13;55;18200;116962;0;0;1;7010;0;0;1;7010;0;0;0;0;0;0;24;1;0;10467;0;1;0;0
31;1;42;Fcel;218;Pcad;B;2;20;126;23;375295;0;0;2;3839;20;13;46;0;375295;0;0;2;126;1;0;1;126;0;0;0;0;0;0;18;1;0;7512;0;1;0;3
31;3;51;Fmar;287;Pcad;D;3;235;259802;2;186894;0;186894;1;17295;150;13;65;6666;0;0;0;4;259802;0;0;4;259802;0;0;0;0;0;0;25;1;0;296358;0;0;0;4
31;1;36;Fcel;190;Pemp;C;1;9;0;8;16224;0;16224;1;12637;9;13;22;34500;0;0;0;0;0;0;0;0;0;0;0;0;0;0;0;9;2;1;7341;200;0;0;0
31;1;37;Fmar;174;Pcad;B;3;40;164;0;19631;19631;0;1;-11413;40;13;66;0;0;0;0;1;164;0;0;1;164;0;0;0;0;0;0;43;1;0;164;0;0;0;84
31;1;62;Fmar;256;Pcad;B;1;11;41952;0;0;0;0;1;3909;11;13;32;0;0;0;0;3;41952;2;41835;1;117;0;0;0;0;0;0;17;1;0;42845;500;0;0;6
31;1;57;Fdiv;157;Pemp;C;1;4;1046;11;4668;4668;0;1;2753;4;13;21;10000;0;0;0;1;1046;0;0;1;1046;0;0;0;0;0;0;6;2;1;2119;0;1;0;0
69;1;45;Fmar;297;Pcad;B;1;34;2427;15;571773;0;33126;1;11333;34;14;59;0;538647;0;0;1;2427;1;2427;0;0;0;0;0;0;0;0;28;2;0;24647;0;0;0;0
75;1;39;Fcel;136;Pcad;B;0;18;47520;0;0;0;0;1;2772;18;13;62;0;0;1;30635;3;47520;2;40653;1;6867;0;0;0;0;0;0;26;1;0;86845;32299;1;0;3
31;1;58;Fmar;113;Pouv;B;6;8;3924;0;0;0;0;1;4226;8;14;21;0;0;0;0;1;3924;0;0;1;3924;0;0;0;0;0;0;0;1;1;6708;0;0;0;1
31;1;39;Fcel;93;Pemp;B;2;6;1361;0;0;0;0;1;3649;6;13;17;0;0;0;0;1;1361;0;0;1;1361;0;0;0;0;0;0;0;1;1;2791;0;1;0;0
31;1;39;Fcel;183;Pemp;C;1;34;411;3;70849;0;0;1;7459;30;14;62;0;70849;0;0;2;411;0;0;2;411;0;0;0;0;0;0;16;1;0;7755;0;0;0;0
31;3;55;Fdiv;65;Pemp;B;3;173;233938;1;45453;12718;32735;1;39489;107;13;54;60500;0;0;0;3;233938;2;204256;1;29682;0;0;0;0;0;0;19;1;0;292452;0;1;0;0
31;1;34;Fcel;64;Pemp;B;1;11;9017;0;0;0;0;1;2830;8;13;27;0;0;0;0;1;9017;0;0;1;9017;0;0;0;0;0;0;10;1;0;17742;0;0;0;0
31;1;27;Fcel;51;Psan;D;2;8;0;0;0;0;0;1;-1106;8;13;46;0;0;0;0;0;0;0;0;0;0;0;0;0;0;0;0;24;1;0;1730;0;1;0;68
31;1;28;Fcel;46;Psan;C;0;9;19600;0;0;0;0;1;3382;4;14;5;29600;0;0;0;2;19600;1;0;1;19600;0;0;0;0;0;0;1;1;0;21245;0;0;0;3
32;1;56;Fmar;297;Pcad;D;4;54;8797;5;40924;8823;32101;1;38913;43;14;20;101000;0;13;5449561;2;8797;0;0;2;8797;0;0;0;0;0;0;0;1;0;6009132;6000216;0;0;8
32;5;64;Fdiv;283;Pemp;A;1;2;14937;89;5207;5207;0;1;11188;2;29;3;24699;0;1;246956;2;14937;1;0;1;14937;0;0;0;0;0;0;0;1;0;269661;249756;1;0;0
32;1;44;Fmar;274;Pemp;B;0;21;56280;20;252328;2621;0;2;5053;21;13;53;0;249707;0;0;1;56280;1;56280;0;0;0;0;0;0;0;0;20;1;0;60594;0;0;0;7
32;3;57;Fdiv;212;Pcad;B;6;12;102749;9;74720;0;34715;2;11746;12;13;26;0;40005;0;0;4;102749;2;72525;2;30224;0;0;0;0;0;0;7;1;0;128783;0;1;0;0
32;5;60;Fmar;206;Pcad;A;2;26;122898;0;0;0;0;1;3527;19;13;39;0;0;0;0;3;122898;1;97241;2;25657;0;0;0;0;0;0;8;1;0;127819;0;0;0;0
32;5;62;Fmar;204;Pcad;A;3;14;290758;0;0;0;0;1;9251;14;13;42;0;0;2;84634;3;290758;2;244758;1;46000;0;0;0;0;0;0;19;2;0;439327;98498;0;0;0
32;2;59;Fmar;71;Pcad;B;1;19;0;0;0;0;0;2;11982;19;13;50;0;0;0;0;0;0;0;0;0;0;0;0;0;0;0;0;26;2;0;11811;0;0;0;0
97;1;32;Fcel;64;Pemp;B;0;7;60112;0;0;0;0;1;4541;7;13;13;0;0;1;21797;2;60112;1;35112;1;25000;0;0;0;0;0;0;0;1;0;83202;21952;0;0;0
31;1;51;Fmar;216;Pcad;B;1;21;71210;19;321116;0;0;1;4803;21;13;71;0;321116;0;0;4;71210;1;0;3;71210;0;0;0;0;0;0;33;1;0;80390;0;0;0;3
32;5;59;Fmar;169;Pcad;B;2;12;2727;37;321244;0;112955;1;-155;12;13;35;0;208289;0;0;2;2727;0;0;2;2727;0;0;0;0;0;0;2;1;0;8270;0;1;0;55
32;2;52;Fcel;168;Pemp;B;2;7;30796;0;0;0;0;1;3894;7;14;23;24500;0;1;71658;2;30796;0;0;2;30796;0;0;0;0;0;0;10;1;0;104080;72158;0;0;0
32;2;53;Fmar;161;Pouv;B;1;10;240;10;30976;2603;28373;1;1443;10;14;20;0;0;1;18341;2;240;0;0;2;240;0;0;0;0;0;0;1;1;0;18581;18341;0;0;35
82;3;56;Fmar;837;Pemp;A;0;20;81184;0;0;0;0;1;14164;18;14;48;0;0;1;60990;3;81184;2;48307;1;32877;0;0;0;0;0;0;18;1;0;163087;61190;0;0;0
82;2;60;Fmar;293;Pcad;B;0;12;20461;0;0;0;0;1;4963;12;13;31;0;0;0;0;2;20461;0;0;2;20461;0;0;0;0;0;0;5;1;0;23764;0;1;0;0
82;2;62;Fmar;282;Pcad;C;5;7;0;0;0;0;0;1;16210;7;13;26;0;0;0;0;0;0;0;0;0;0;0;0;0;0;0;0;2;1;0;12678;0;0;0;0
82;2;51;Fdiv;271;Pouv;B;0;30;53123;0;2526;2526;0;1;27167;30;14;16;21000;0;1;54924;4;53123;1;0;3;53123;0;0;0;0;0;0;6;1;0;120566;67443;1;0;0
82;1;51;Fmar;267;Pcad;B;2;15;101;0;0;0;0;1;7975;15;14;18;31400;0;0;0;1;101;0;0;1;101;0;0;0;0;0;0;1;1;0;18643;0;0;0;0
82;3;59;Fmar;258;Pemp;B;0;24;332;0;0;0;0;1;-1289;24;13;78;19600;0;0;0;1;332;0;0;1;332;0;0;0;0;0;0;48;2;0;3879;550;0;0;57
82;1;32;Fcel;258;Pcad;A;0;13;107561;0;0;0;0;1;3638;13;13;44;50800;0;0;0;2;107561;2;107561;0;0;0;0;0;0;0;0;11;1;0;112759;0;1;0;0
82;4;56;Fmar;206;Pcad;A;0;19;228983;0;0;0;0;1;16097;19;13;34;10000;0;0;0;1;228983;0;0;1;228983;0;0;0;0;0;0;0;1;1;250573;200;1;0;0
82;1;34;Fcel;194;Pouv;D;0;8;550;6;3701;3701;0;1;2936;8;13;39;0;0;0;0;1;550;0;0;1;550;0;0;0;0;0;0;0;1;1;7057;200;0;0;9
94;4;36;Fmar;187;Psan;B;1;14;34184;36;419265;0;0;1;6406;14;14;23;0;419265;1;19205;2;34184;0;0;1;29846;1;4338;0;0;0;0;15;2;1;60439;19205;1;0;0
82;4;46;Fmar;165;Pemp;B;1;15;29648;0;0;0;0;1;13641;15;14;38;0;0;2;63648;1;29648;0;0;1;29648;0;0;0;0;0;0;10;1;0;114807;63648;0;0;0
82;1;27;Fcel;153;Pcad;B;5;12;51327;14;34927;0;34927;2;2217;12;13;50;21490;0;0;0;1;51327;1;51327;0;0;0;0;0;0;0;0;25;3;1;58655;155;1;0;12
82;3;52;Fmar;127;Pcad;C;2;5;122;0;0;0;0;1;1393;4;13;12;0;0;0;0;1;122;0;0;1;122;0;0;0;0;0;0;0;2;2;357;0;0;0;2
78;2;38;Fcel;126;Pouv;B;0;19;15360;0;0;0;0;1;5248;19;13;31;34900;0;0;0;1;15360;1;15360;0;0;0;0;0;0;0;0;11;1;0;15727;200;0;0;0
82;1;23;Fcel;124;Psan;C;1;3;157;0;0;0;0;1;4809;3;15;26;0;0;0;0;1;157;0;0;1;157;0;0;0;0;0;0;0;1;1;3431;0;0;0;0
9;4;32;Fmar;109;Pemp;B;0;9;21153;23;290314;0;0;1;5169;8;13;31;0;290314;1;50347;3;21153;2;20909;1;244;0;0;0;0;0;0;6;1;0;82240;50347;0;0;0
31;2;27;Fcel;107;Psan;D;1;3;0;0;0;0;0;1;1466;3;21;10;0;0;0;0;0;0;0;0;0;0;0;0;0;0;0;0;0;1;1;50;0;0;0;0
82;2;40;Fmar;88;Pemp;A;2;31;201795;2;3441;3441;0;1;4582;17;13;85;20500;0;0;0;2;201795;0;0;2;201795;0;0;0;0;0;0;34;2;0;207249;112;1;0;0
82;3;40;Fmar;59;Pemp;C;0;0;392;0;0;0;0;1;44;0;330;0;0;0;0;0;1;392;0;0;1;392;0;0;0;0;0;0;0;1;1;435;0;0;0;0
31;3;46;Fuli;56;Pouv;C;0;11;185;13;50363;15914;34449;1;-9113;11;14;30;88800;0;0;0;2;185;1;0;1;185;0;0;0;0;0;0;10;1;0;185;0;0;0;87
65;1;55;Fmar;337;Pcad;B;0;13;0;0;0;0;0;1;3396;13;14;28;38000;0;0;0;0;0;0;0;0;0;0;0;0;0;0;0;13;1;0;6489;0;1;0;33
65;1;63;Fmar;848;Pemp;C;0;8;0;32;181462;0;0;2;41010;8;13;21;26000;181462;0;0;0;0;0;0;0;0;0;0;0;0;0;0;0;1;0;45660;0;0;0;0
65;2;54;Fmar;57;Psan;D;4;4;0;0;0;0;0;1;289;4;22;12;0;0;0;0;0;0;0;0;0;0;0;0;0;0;0;0;0;1;1;8;0;0;0;14
65;1;35;Fcel;54;Pcad;B;0;10;10228;0;0;0;0;1;3743;10;13;50;14000;0;0;0;2;10228;0;0;2;10228;0;0;0;0;0;0;0;1;0;15564;0;1;0;0
65;1;46;Fmar;271;Pemp;D;0;6;1029;0;941;941;0;1;682;6;13;28;0;0;0;0;1;1029;0;0;1;1029;0;0;0;0;0;0;0;1;0;1029;0;1;0;36
65;1;62;Fmar;257;Pcad;B;0;14;2560;0;0;0;0;1;7588;14;13;19;10000;0;0;0;2;2560;1;2298;1;262;0;0;0;0;0;0;0;1;1;13415;0;0;0;0
24;2;40;Fmar;196;Pemp;A;0;12;612345;0;0;0;0;1;9842;12;13;39;0;0;1;65601;5;612345;2;407927;2;94830;1;109588;0;0;0;0;28;1;0;684603;66101;0;0;0
65;2;45;Fmar;171;Pouv;D;1;8;349;22;20371;20371;0;1;5852;8;13;9;0;0;0;0;1;349;0;0;1;349;0;0;0;0;0;0;2;1;0;3073;0;0;0;0
65;1;41;Fcel;158;Pemp;A;1;24;225843;0;0;0;0;1;38854;11;14;26;0;0;1;54153;5;225843;2;150918;2;74060;1;865;0;0;0;0;4;1;0;301412;60837;1;0;0
65;1;39;Fmar;148;Pemp;A;3;13;128982;0;0;0;0;1;9123;13;13;68;0;0;0;0;2;128982;1;94506;1;34476;0;0;0;0;0;0;7;1;0;145254;0;0;0;0
65;1;36;Fcel;145;Pcad;B;1;24;24101;16;323410;0;0;1;34208;24;13;66;0;323410;0;0;2;24101;0;0;2;24101;0;0;0;0;0;0;30;1;0;50042;0;0;0;0
65;1;32;Fmar;304;Pemp;B;0;9;58224;32;414442;0;0;2;2501;9;13;27;0;414442;0;0;3;58224;1;24853;2;33371;0;0;0;0;0;0;10;1;0;73878;0;0;0;1
65;1;30;Fcel;138;Psan;B;2;1;27872;77;0;0;0;1;385;1;37;3;0;0;1;47453;1;27872;1;27872;0;0;0;0;0;0;0;0;0;1;1;76028;47453;0;0;23
65;2;24;Fcel;144;Psan;B;1;11;445;37;179820;0;0;1;10132;11;14;8;7500;179820;0;0;2;445;0;0;2;445;0;0;0;0;0;0;0;1;1;3799;0;1;0;0
65;1;45;Fmar;118;Pemp;C;4;9;1607;0;0;0;0;1;-1012;8;14;42;15100;0;0;0;1;1607;0;0;1;1607;0;0;0;0;0;0;0;1;1;2301;0;1;0;72
65;1;27;Fcel;111;Psan;A;0;15;89838;0;0;0;0;1;46261;15;14;19;0;0;0;0;1;89838;1;89838;0;0;0;0;0;0;0;0;9;2;1;150277;5076;0;0;0
65;1;47;Fmar;296;Pemp;B;1;12;23498;5;16795;16795;0;1;3719;11;13;39;0;0;1;76934;2;23498;1;18934;1;4564;0;0;0;0;0;0;16;2;0;105586;76934;1;0;0
65;1;47;Fmar;279;Pouv;B;4;27;1058;3;12937;12937;0;1;6825;27;13;54;0;0;0;0;1;1058;0;0;1;1058;0;0;0;0;0;0;11;1;0;7603;0;0;0;13
65;1;52;Fmar;247;Pemp;B;0;5;21297;0;0;0;0;1;3888;5;13;14;0;0;0;0;1;21297;0;0;1;21297;0;0;0;0;0;0;0;1;1;26441;0;1;0;0
65;1;62;Fmar;197;Pouv;A;0;13;105207;0;0;0;0;1;2422;12;13;45;0;0;1;40324;4;105207;2;67143;2;38064;0;0;0;0;0;0;7;1;0;155403;45788;1;0;6
65;2;32;Fcel;171;Psan;B;1;1;74755;0;0;0;0;1;2598;1;14;9;0;0;0;0;3;74755;1;34797;2;39958;0;0;0;0;0;0;1;1;0;86192;10319;0;0;0
75;1;29;Fcel;154;Pemp;A;1;29;271498;0;0;0;0;1;6146;22;13;54;6366;0;0;0;3;271498;1;217142;2;54356;0;0;0;0;0;0;22;1;0;276706;0;1;0;0
65;1;48;Fdiv;170;Pouv;A;0;7;117811;0;0;0;0;1;2731;7;13;29;0;0;2;93415;3;117811;2;94237;1;23574;0;0;0;0;0;0;3;1;0;216338;93415;0;0;0
65;1;55;Fsep;197;Pcad;B;0;13;14881;11;15084;0;15084;1;2477;13;13;40;20800;0;1;3420;2;14881;1;12183;1;2698;0;0;0;0;0;0;0;1;0;23653;3420;1;0;27
65;1;32;Fmar;163;Pemp;A;1;11;222500;9;3487;3487;0;1;4545;11;13;61;56000;0;1;1585;4;222500;2;218464;2;4036;0;0;0;0;0;0;27;3;0;229069;1585;0;0;0
65;1;41;Fcel;140;Pouv;C;1;6;0;0;0;0;0;1;12146;6;16;8;0;0;0;0;0;0;0;0;0;0;0;0;0;0;0;0;0;1;1;13032;0;0;0;0
65;1;45;Fmar;134;Pcad;B;15;159;9838;2;286075;0;126075;1;14933;12;13;56;0;160000;0;0;2;9838;1;9658;1;180;0;0;0;0;0;0;3;1;0;99710;648;0;0;7
65;1;45;Fmar;277;Pouv;D;0;6;0;0;0;0;0;1;4399;6;13;26;3500;0;0;0;0;0;0;0;0;0;0;0;0;0;0;0;9;1;0;18045;0;1;0;0
65;1;46;Fmar;45;Pouv;C;1;4;0;0;0;0;0;1;5960;4;14;15;0;0;0;0;0;0;0;0;0;0;0;0;0;0;0;0;0;1;1;3750;0;0;0;0
94;1;51;Fmar;329;Pemp;C;0;9;0;0;0;0;0;1;11263;9;14;17;0;0;0;0;0;0;0;0;0;0;0;0;0;0;0;0;1;1;0;15110;200;0;0;0
31;1;43;Fmar;302;Pouv;B;0;18;30000;0;0;0;0;2;7593;18;13;55;15000;0;0;0;1;30000;0;0;1;30000;0;0;0;0;0;0;3;1;0;47333;0;0;0;0
31;3;44;Fveu;291;Pcad;A;0;10;60744;0;0;0;0;1;11236;10;13;29;0;0;1;88012;2;60744;2;60744;0;0;0;0;0;0;0;0;10;1;0;165626;88012;1;0;0
31;1;37;Fmar;213;Pemp;B;0;18;0;0;0;0;0;1;19309;18;13;56;0;0;0;0;0;0;0;0;0;0;0;0;0;0;0;0;0;1;1;11045;200;0;0;0
31;1;50;Fmar;151;Pemp;B;2;18;0;6;27701;0;27701;1;11627;18;13;54;10000;0;0;0;0;0;0;0;0;0;0;0;0;0;0;0;0;1;1;19987;0;0;0;0
31;1;48;Fmar;147;Pemp;D;2;9;0;21;17259;0;17259;1;2967;9;13;42;19000;0;0;0;0;0;0;0;0;0;0;0;0;0;0;0;11;1;0;3194;0;1;0;27
31;1;42;Fdiv;111;Pemp;B;0;9;68750;0;0;0;0;1;6713;9;14;7;3500;0;0;0;3;68750;1;66250;2;2500;0;0;0;0;0;0;0;1;1;72111;0;1;0;0
31;2;35;Fmar;255;Pcad;B;0;9;100;0;0;0;0;1;6969;9;13;25;0;0;0;0;1;100;0;0;1;100;0;0;0;0;0;0;10;1;0;4675;0;0;0;6
31;1;35;Fmar;74;Pcad;C;1;5;0;0;0;0;0;1;5586;5;13;21;0;0;0;0;0;0;0;0;0;0;0;0;0;0;0;0;4;1;0;2993;0;0;0;0
31;1;62;Fmar;758;Pouv;A;7;24;95709;0;0;0;0;1;25080;24;13;40;0;0;1;55777;2;95709;0;0;2;95709;0;0;0;0;0;0;0;1;0;199563;61777;0;0;0
31;1;51;Fmar;332;Pemp;C;5;9;7710;4;6410;6410;0;1;2948;6;15;14;10000;0;0;0;1;7710;0;0;1;7710;0;0;0;0;0;0;0;1;1;9447;200;0;0;0
31;1;45;Fcel;127;Pcad;B;1;22;79711;24;269640;0;0;1;-1505;22;13;28;0;269640;0;0;4;79711;2;72535;2;7176;0;0;0;0;0;0;13;1;0;85600;500;0;0;48
31;1;47;Fmar;211;Pcad;C;1;19;0;9;64824;0;64824;1;6887;19;13;47;0;0;0;0;0;0;0;0;0;0;0;0;0;0;0;0;22;1;0;1679;0;1;0;1
31;3;37;Fmar;120;Pouv;B;5;24;107;0;0;0;0;1;2356;24;13;48;0;0;1;33485;2;107;1;0;1;107;0;0;0;0;0;0;14;1;0;37431;33485;0;0;0
31;1;41;Fcel;281;Pouv;B;1;8;131;0;19732;19732;0;1;434;8;20;11;0;0;1;13794;1;131;0;0;1;131;0;0;0;0;0;0;0;1;0;19716;14294;0;0;45
31;2;54;Fmar;224;Pcad;D;0;0;0;0;0;0;0;1;0;0;812;0;0;0;0;0;0;0;0;0;0;0;0;0;0;0;0;0;0;1;0;16;0;0;0;0
13;2;38;Fmar;199;Pcad;A;0;24;224991;0;5529;5529;0;1;4948;24;13;57;0;0;0;0;3;224991;2;224427;1;564;0;0;0;0;0;0;21;1;0;225191;200;0;0;8
31;4;52;Fcel;158;Pemp;A;0;10;67139;0;0;0;0;1;2795;10;13;36;0;0;1;33991;3;67139;1;47214;2;19925;0;0;0;0;0;0;18;1;0;106467;33991;1;0;0
31;1;36;Fcel;112;Pcad;B;0;43;76254;10;135985;0;135985;2;9081;42;13;27;0;0;0;0;2;76254;1;46578;1;29676;0;0;0;0;0;0;1;1;0;87061;0;1;0;0
31;1;43;Fmar;204;Pcad;C;0;18;0;0;0;0;0;1;2248;18;13;40;0;0;0;0;0;0;0;0;0;0;0;0;0;0;0;0;16;1;0;2543;0;1;0;35
31;1;30;Fcel;105;Pcad;B;9;19;113694;0;0;0;0;2;5441;16;13;40;3500;0;0;0;4;113694;2;104894;2;8800;0;0;0;0;0;0;4;1;0;122566;0;0;0;19
31;1;31;Fmar;88;Pcad;A;0;12;433955;0;0;0;0;1;26300;12;14;16;0;0;1;27226;3;433955;2;402275;1;31680;0;0;0;0;0;0;5;1;0;496881;27226;1;0;0
31;1;63;Fdiv;102;Pcad;B;0;13;30174;0;0;0;0;1;4198;13;13;40;0;0;1;40313;2;30174;0;0;1;21592;1;8582;0;0;0;0;5;1;0;75849;40313;1;0;0
31;1;42;Fuli;71;Pouv;B;3;18;0;0;0;0;0;1;7258;18;13;35;0;0;0;0;0;0;0;0;0;0;0;0;0;0;0;0;14;1;0;7528;749;0;0;25
31;3;23;Fcel;63;Psan;C;0;5;13827;0;0;0;0;1;6744;5;14;15;0;0;0;0;1;13827;1;13827;0;0;0;0;0;0;0;0;0;1;1;22342;0;1;0;0
31;2;24;Fcel;62;Psan;D;0;10;0;8;5642;5642;0;1;1309;10;13;49;0;0;0;0;0;0;0;0;0;0;0;0;0;0;0;0;22;1;0;2475;0;0;0;39
31;1;61;Fmar;824;Pouv;B;4;13;354;11;121024;0;71342;1;5640;13;14;59;50500;49682;0;0;2;354;0;0;2;354;0;0;0;0;0;0;22;1;0;27297;750;0;0;12
31;2;60;Fmar;280;Pcad;B;2;35;29916;12;189946;0;0;1;13057;35;13;37;0;189946;1;22041;3;29916;1;0;2;29916;0;0;0;0;0;0;11;1;0;77069;30728;1;0;0
82;1;34;Fmar;155;Pemp;A;0;17;164417;7;31353;0;31353;1;7677;16;14;36;0;0;0;0;3;164417;2;132958;1;31459;0;0;0;0;0;0;15;1;0;174291;311;1;0;1
31;1;41;Fmar;140;Pemp;B;2;6;1802;11;17597;17597;0;1;429;6;13;44;15000;0;0;0;1;1802;0;0;1;1802;0;0;0;0;0;0;16;1;0;4798;0;0;0;46
31;4;28;Fcel;109;Psan;C;2;4;0;0;0;0;0;1;1764;4;13;25;10000;0;0;0;0;0;0;0;0;0;0;0;0;0;0;0;0;1;1;4399;0;1;0;0
31;1;29;Fcel;72;Pouv;B;1;12;12889;0;0;0;0;1;1903;11;13;29;0;0;0;0;3;12889;2;12787;1;102;0;0;0;0;0;0;0;1;1;17746;0;0;0;16
31;2;27;Fcel;69;Psan;C;0;0;0;0;0;0;0;1;5216;0;44;1;0;0;0;0;0;0;0;0;0;0;0;0;0;0;0;0;1;1;0;1368;0;1;0;0
6;1;45;Fdiv;63;Pemp;C;2;14;4920;0;0;0;0;1;-920;14;13;27;0;0;0;0;1;4920;0;0;1;4920;0;0;0;0;0;0;7;1;0;6239;0;1;0;57
31;1;52;Fmar;822;Pemp;B;1;12;113;8;2710;0;2710;1;7932;12;13;33;18200;0;0;0;1;113;0;0;1;113;0;0;0;0;0;0;5;1;0;9360;0;1;0;0
31;3;56;Fmar;837;Pcad;D;0;8;10256;0;3559;3559;0;1;495;8;13;23;46400;0;1;54384;2;10256;1;10044;1;212;0;0;0;0;0;0;6;1;0;64740;54484;0;0;31
31;3;26;Fcel;103;Psan;D;0;0;0;0;0;0;0;1;303;0;26;1;22120;0;0;0;0;0;0;0;0;0;0;0;0;0;0;0;0;2;1;245;0;1;0;0
31;3;46;Fcel;294;Pemp;B;1;14;25815;51;265057;0;0;1;20448;14;14;17;0;265057;0;0;2;25815;1;2305;1;23510;0;0;0;0;0;0;1;1;0;49307;200;0;0;0
31;1;39;Fmar;161;Pemp;D;3;19;0;3;8944;3371;5573;1;-4021;19;13;32;0;0;0;0;0;0;0;0;0;0;0;0;0;0;0;0;9;2;1;400;400;0;0;65
31;4;35;Fcel;138;Pcad;B;0;10;406;0;0;0;0;1;-4117;10;13;32;0;0;0;0;1;406;0;0;1;406;0;0;0;0;0;0;5;2;1;4013;250;1;0;70
31;1;51;Fsep;130;Pcad;C;1;27;19643;17;95460;0;95460;1;8099;27;13;70;0;0;0;0;1;19643;0;0;1;19643;0;0;0;0;0;0;26;2;1;21031;0;1;0;29
31;2;60;Fcel;242;Pcad;A;1;13;154496;0;0;0;0;1;6877;13;14;22;0;0;0;0;3;154496;1;138952;2;15544;0;0;0;0;0;0;3;1;0;166476;0;1;0;0
31;2;48;Fmar;224;Pcad;B;1;22;6017;14;41847;41847;0;1;9266;22;13;59;0;0;0;0;1;6017;0;0;1;6017;0;0;0;0;0;0;22;1;0;22146;0;0;0;0
31;2;48;Fmar;236;Pcad;A;3;12;33500;17;58721;0;0;1;7822;11;13;13;4026;58721;1;26470;1;33500;0;0;1;33500;0;0;0;0;0;0;1;1;0;61560;26470;0;0;4
31;2;54;Fdiv;143;Pemp;D;0;7;0;0;0;0;0;1;-1086;7;15;16;52120;0;0;0;0;0;0;0;0;0;0;0;0;0;0;0;2;1;0;2603;0;1;0;56
31;1;56;Fveu;287;Pcad;D;0;7;15776;15;74040;5080;68960;1;-1886;7;13;61;207900;0;0;0;3;15776;1;15067;2;709;0;0;0;0;0;0;26;2;1;19935;4159;1;0;50
31;1;56;Fmar;268;Pcad;A;3;326;659260;17;2966630;0;0;1;157234;159;13;27;234840;2966630;2;1389655;3;659260;1;99530;2;559730;0;0;0;0;0;0;1;1;0;2297333;1491282;0;0;0
31;1;48;Fcel;306;Pcad;B;0;3;8835;0;0;0;0;1;22511;3;13;6;25000;0;1;28012;2;8835;2;8835;0;0;0;0;0;0;0;0;1;1;0;60511;28012;0;0;0
31;1;36;Fmar;202;Pouv;B;3;28;3967;25;439119;1551;48395;1;4803;27;13;96;44090;389173;1;9069;4;3967;2;3451;2;516;0;0;0;0;0;0;35;2;0;13036;9069;0;0;6
31;1;64;Fdiv;227;Psan;A;0;7;272013;0;0;0;0;1;4672;7;13;10;0;0;0;0;3;272013;1;220785;2;51228;0;0;0;0;0;0;0;1;0;282563;200;1;0;0
31;1;44;Fmar;149;Pcad;A;1;76;233181;8;243083;0;55157;2;21926;63;13;98;64300;187926;2;100228;3;233181;2;199964;1;33217;0;0;0;0;0;0;44;2;0;388398;104631;0;0;0
31;1;46;Fmar;170;Pcad;D;3;52;18319;0;11310;11310;0;3;47;47;13;81;0;0;0;0;3;18319;2;18059;1;260;0;0;0;0;0;0;33;2;1;31762;0;0;0;90
31;1;60;Fmar;241;Pouv;C;1;20;0;0;0;0;0;1;241827;20;13;23;31666;0;0;0;0;0;0;0;0;0;0;0;0;0;0;0;7;1;0;230627;100;0;0;0
31;1;42;Fmar;196;Pcad;B;4;31;0;0;0;0;0;1;8747;31;13;83;4000;0;0;0;0;0;0;0;0;0;0;0;0;0;0;0;39;2;0;22850;400;0;0;15
31;1;25;Fcel;84;Psan;D;0;12;139;0;0;0;0;1;13516;12;16;36;0;0;0;0;1;139;0;0;1;139;0;0;0;0;0;0;17;1;0;11414;0;0;0;0
31;1;25;Fcel;64;Psan;C;0;9;0;0;0;0;0;1;3481;9;13;41;0;0;0;0;0;0;0;0;0;0;0;0;0;0;0;0;20;1;0;7490;0;0;0;4
31;1;56;Fsep;63;Psan;D;0;4;0;0;0;0;0;1;5194;4;14;12;0;0;0;0;0;0;0;0;0;0;0;0;0;0;0;0;0;1;1;3465;0;1;0;0
31;1;61;Fmar;824;Pcad;A;0;18;205809;9;135303;0;0;1;5408;18;13;58;26000;135303;0;0;5;205809;2;173852;3;31957;0;0;0;0;0;0;12;2;1;217296;0;0;0;0
31;1;65;Fmar;285;Psan;D;1;9;58751;0;0;0;0;1;5303;9;13;24;35000;0;1;133046;3;58751;2;25994;1;32757;0;0;0;0;0;0;0;1;0;194506;133046;0;0;0
31;1;46;Fcel;262;Pemp;A;0;18;177147;0;0;0;0;1;14068;13;13;13;0;0;4;268800;3;177147;1;57737;2;119410;0;0;0;0;0;0;1;1;0;466205;268800;0;0;0
31;3;39;Fcel;145;Pcad;A;0;143;9801;0;0;0;0;1;13168;143;13;53;0;0;0;0;1;9801;1;9801;0;0;0;0;0;0;0;0;38;1;0;813164;540609;1;0;34
75;1;36;Fcel;198;Pcad;D;0;16;109;0;0;0;0;1;18705;16;13;41;0;0;0;0;1;109;0;0;1;109;0;0;0;0;0;0;17;1;0;15885;200;0;0;0
31;1;53;Fmar;133;Pcad;B;0;4;15096;0;357628;0;0;1;849;4;13;4;0;357628;1;21858;3;15096;2;14874;1;222;0;0;0;0;0;0;0;1;0;47424;26817;0;0;39
31;1;42;Fmar;115;Pcad;B;0;26;42836;14;129614;1133;128481;1;878;3;14;58;0;0;0;0;2;42836;1;15476;1;27360;0;0;0;0;0;0;19;1;0;42836;0;0;0;15
11;1;61;Fmar;148;Pouv;D;0;12;375122;9;7781;7781;0;1;3705;11;13;32;0;0;1;27498;3;375122;2;344177;1;30945;0;0;0;0;0;0;7;1;0;409249;27498;0;0;0
31;1;34;Fcel;96;Pemp;C;1;12;0;95;14504;11989;2515;1;12163;12;13;31;0;0;0;0;0;0;0;0;0;0;0;0;0;0;0;0;14;1;0;21504;0;1;0;0
31;2;43;Fmar;244;Pemp;B;1;9;0;0;0;0;0;1;3047;9;13;47;0;0;0;0;0;0;0;0;0;0;0;0;0;0;0;0;30;1;0;1200;0;1;0;0
92;2;42;Fcel;230;Pemp;A;1;21;220451;0;0;0;0;1;14388;19;13;30;0;0;0;0;4;220451;2;160602;2;59849;0;0;0;0;0;0;11;1;0;220582;0;0;0;0
31;2;62;Fdiv;283;Psan;A;1;18;901767;0;0;0;0;1;7015;18;13;35;0;0;1;434097;5;901767;2;529193;2;143625;1;228949;0;0;0;0;2;1;0;1379220;462673;1;0;0
31;2;46;Fmar;198;Pcad;A;1;24;90769;20;260467;0;0;1;4771;22;13;51;0;260467;0;0;4;90769;2;49761;2;41008;0;0;0;0;0;0;0;1;0;96430;0;0;0;0
31;1;35;Fcel;185;Pcad;B;0;16;7136;0;0;0;0;1;6667;16;14;31;0;0;0;0;1;7136;1;7136;0;0;0;0;0;0;0;0;3;1;0;23769;0;1;0;2
31;2;43;Fdiv;148;Pemp;C;1;3;0;0;0;0;0;1;126582;3;16;5;0;0;0;0;0;0;0;0;0;0;0;0;0;0;0;0;0;1;0;126509;0;1;0;0
31;3;25;Fcel;142;Psan;C;0;1;809;0;0;0;0;1;1352;1;13;15;10000;0;0;0;1;809;0;0;1;809;0;0;0;0;0;0;0;1;1;10632;0;1;0;2
11;1;32;Fsep;111;Pemp;B;0;15;63567;19;173002;0;0;2;3961;13;14;29;0;173002;0;0;4;63567;2;33567;2;30000;0;0;0;0;0;0;6;1;0;77651;0;1;0;0
31;1;32;Fcel;79;Pemp;C;0;0;665;0;0;0;0;1;2193;0;14;2;0;0;0;0;2;665;0;0;2;665;0;0;0;0;0;0;1;1;0;1439;0;1;0;0
31;1;34;Fuli;121;Pcad;A;0;21;147923;5;27483;0;27483;2;4507;21;13;46;0;0;0;0;3;147923;1;144485;2;3438;0;0;0;0;0;0;17;2;0;157724;0;1;0;3
31;2;28;Fmar;42;Psan;C;3;14;0;0;0;0;0;1;2778;14;13;47;0;0;0;0;0;0;0;0;0;0;0;0;0;0;0;0;22;1;0;7119;0;0;0;11
31;2;33;Fmar;121;Pcad;B;0;29;52746;0;0;0;0;1;14013;29;13;83;0;0;0;0;4;52746;2;22762;2;29984;0;0;0;0;0;0;20;3;1;72633;0;0;0;0
31;2;31;Fcel;110;Psan;D;0;39;266;0;0;0;0;1;4443;39;15;14;0;0;0;0;2;266;0;0;2;266;0;0;0;0;0;0;6;2;1;2938;0;1;0;15
31;1;65;Fmar;316;Pcad;A;2;35;28029;6;12172;0;0;1;9529;35;13;75;0;12172;1;84117;4;28029;2;16290;2;11739;0;0;0;0;0;0;17;1;0;242036;121843;0;0;4
31;2;40;Fmar;94;Pemp;B;0;6;57509;0;0;0;0;1;5268;6;13;23;0;0;1;15585;1;57509;1;57509;0;0;0;0;0;0;0;0;4;1;0;76879;15585;0;0;0
31;1;47;Fmar;167;Pcad;A;0;19;117452;0;0;0;0;1;3544;18;14;36;15000;0;1;121545;3;117452;1;71103;2;46349;0;0;0;0;0;0;16;1;0;242732;121545;1;0;3
31;1;48;Fuli;49;Pemp;B;1;13;0;0;0;0;0;1;5168;13;13;42;0;0;0;0;0;0;0;0;0;0;0;0;0;0;0;0;17;1;0;9088;0;1;0;0
31;3;57;Fcel;307;Pemp;B;2;11;3183;0;0;0;0;1;2838;11;13;38;26000;0;0;0;1;3183;0;0;1;3183;0;0;0;0;0;0;11;1;0;7819;500;1;0;34
75;3;43;Fcel;278;Pcad;A;1;30;169421;0;0;0;0;1;19627;25;13;22;0;0;0;0;3;169421;2;135284;1;34137;0;0;0;0;0;0;10;1;0;202618;0;1;0;0
31;1;53;Fmar;240;Pcad;D;0;5;118230;78;409008;75960;333048;1;-67074;5;13;10;90920;0;0;0;1;118230;1;118230;0;0;0;0;0;0;0;0;0;1;0;118230;0;0;0;90
31;3;47;Fcel;215;Pcad;D;1;10;70374;0;0;0;0;1;86787;10;13;3;0;0;0;0;2;70374;2;70374;0;0;0;0;0;0;0;0;0;1;0;168287;0;0;0;0
31;1;54;Fmar;185;Pemp;D;2;13;268;7;20450;20450;0;1;-5163;13;13;27;187560;0;0;0;1;268;0;0;1;268;0;0;0;0;0;0;9;1;0;468;200;1;0;77
75;3;23;Fcel;147;Psan;A;1;17;159247;0;0;0;0;1;17641;17;13;33;0;0;0;0;2;159247;2;159247;0;0;0;0;0;0;0;0;17;1;0;179540;0;1;0;0
31;1;53;Fcel;172;Pcad;C;0;1;4500;0;156124;0;42927;1;5103;1;13;31;0;113197;0;0;3;4500;2;2000;1;2500;0;0;0;0;0;0;16;1;0;7610;500;1;0;0
31;2;30;Fcel;144;Pemp;A;0;18;58420;0;0;0;0;2;4716;18;13;34;0;0;0;0;3;58420;2;0;1;58420;0;0;0;0;0;0;13;1;0;70026;0;1;0;2
69;3;37;Fmar;101;Pcad;D;2;27;127;0;0;0;0;1;11499;27;13;36;0;0;0;0;1;127;0;0;1;127;0;0;0;0;0;0;17;1;0;13234;0;0;0;0
31;1;63;Fmar;825;Pouv;C;3;15;0;0;0;0;0;1;8654;15;13;41;48000;0;0;0;0;0;0;0;0;0;0;0;0;0;0;0;0;1;0;12663;0;0;0;0
31;2;57;Fmar;302;Pemp;B;6;12;14766;0;0;0;0;1;4565;12;13;55;0;0;0;0;1;14766;0;0;1;14766;0;0;0;0;0;0;1;1;0;16013;0;0;0;0
31;1;42;Fcel;282;Pemp;D;0;9;2897;0;0;0;0;1;7082;9;14;13;0;0;0;0;1;2897;0;0;0;0;1;2897;0;0;0;0;0;1;0;14089;0;1;0;0
31;1;63;Fmar;244;Pret;B;0;13;742;7;8574;8574;0;2;10615;13;13;57;53920;0;0;0;2;742;1;0;1;742;0;0;0;0;0;0;21;2;0;5506;0;0;0;11
31;1;36;Fcel;214;Pcad;D;1;29;14501;7;13369;0;13369;1;5877;29;13;49;0;0;0;0;2;14501;1;2001;1;12500;0;0;0;0;0;0;10;2;1;19773;0;0;0;1
31;1;39;Fcel;194;Pouv;B;2;13;0;9;18014;18014;0;1;6629;13;13;42;0;0;0;0;0;0;0;0;0;0;0;0;0;0;0;0;10;1;0;11222;0;0;0;0
31;1;30;Fcel;159;Pouv;D;3;14;0;0;0;0;0;1;4259;14;13;35;0;0;0;0;0;0;0;0;0;0;0;0;0;0;0;0;0;1;1;857;0;0;0;5
82;1;59;Fdiv;221;Pemp;A;5;25;157081;0;0;0;0;1;2420;13;14;45;12000;0;0;0;3;157081;1;74942;2;82139;0;0;0;0;0;0;13;1;0;160182;0;0;0;15
31;2;38;Fmar;190;Pcad;A;1;19;120759;8;13869;13869;0;1;-869;18;13;50;156000;0;0;0;2;120759;1;120590;1;169;0;0;0;0;0;0;26;2;1;121059;300;1;0;40
31;2;59;Fmar;106;Pemp;A;0;0;97293;0;0;0;0;1;4138;0;23;1;0;0;0;0;3;97293;1;40448;2;56845;0;0;0;0;0;0;0;2;0;201602;101122;0;0;0
31;1;34;Fcel;145;Pouv;D;1;8;27827;0;0;0;0;1;1647;7;13;10;0;0;0;0;4;27827;2;21615;2;6212;0;0;0;0;0;0;1;1;0;32962;0;0;0;30
31;1;31;Fcel;133;Psan;B;0;12;84086;0;0;0;0;1;14446;12;14;16;0;0;0;0;1;84086;0;0;1;84086;0;0;0;0;0;0;8;1;0;93338;0;1;0;0
31;1;30;Fmar;73;Pemp;C;1;20;0;0;0;0;0;1;6592;20;13;43;0;0;0;0;0;0;0;0;0;0;0;0;0;0;0;0;0;1;1;4874;0;1;0;5
65;1;54;Fdiv;314;Pemp;D;6;30;121;0;3222;3222;0;1;716;30;13;89;0;0;0;0;1;121;0;0;1;121;0;0;0;0;0;0;21;1;0;321;200;1;0;38
65;1;48;Fmar;225;Pagri;C;2;6;0;0;0;0;0;1;2371;6;14;14;39000;0;0;0;0;0;0;0;0;0;0;0;0;0;0;0;5;1;0;2997;0;0;0;0
31;1;21;Fcel;136;Psan;C;3;4;0;0;0;0;0;1;2972;4;13;33;0;0;0;0;0;0;0;0;0;0;0;0;0;0;0;0;14;1;0;2147;0;1;0;0
64;1;47;Fmar;135;Psan;B;1;12;10686;0;0;0;0;1;4103;12;13;44;36500;0;0;0;1;10686;1;10686;0;0;0;0;0;0;0;0;0;1;0;11930;0;1;0;15
32;5;64;Fmar;131;Pcad;B;0;18;224;12;39552;0;39552;1;-1350;18;13;58;0;0;0;0;1;224;0;0;1;224;0;0;0;0;0;0;19;1;0;1184;0;0;0;57
65;1;40;Fcel;95;Pemp;B;0;20;0;0;0;0;0;1;5325;20;13;68;0;0;0;0;0;0;0;0;0;0;0;0;0;0;0;0;18;1;0;3177;250;1;0;9
65;4;59;Fmar;177;Psan;B;2;5;47110;17;21720;0;21720;1;4421;5;14;18;0;0;0;0;3;47110;1;2231;1;44879;1;0;0;0;0;0;0;1;0;53111;0;1;0;0
32;3;31;Fuli;88;Pouv;C;1;6;0;14;98368;1353;0;1;1605;6;14;33;0;97015;0;0;0;0;0;0;0;0;0;0;0;0;0;0;13;1;0;0;0;0;0;14
65;1;28;Fcel;75;Pemp;C;0;6;0;18;40778;0;40778;1;4456;6;13;10;0;0;0;0;0;0;0;0;0;0;0;0;0;0;0;0;4;1;0;7947;0;0;0;0
65;4;31;Fmar;49;Pemp;C;0;8;0;0;0;0;0;3;4371;8;13;43;0;0;0;0;0;0;0;0;0;0;0;0;0;0;0;0;5;3;0;8840;0;1;0;0
65;1;22;Fcel;49;Psan;C;2;1;0;0;0;0;0;1;660;1;16;10;0;0;0;0;0;0;0;0;0;0;0;0;0;0;0;0;5;1;0;9039;0;1;0;0
31;2;25;Fcel;42;Psan;C;3;2;17733;0;0;0;0;1;977;2;14;23;0;0;0;0;1;17733;1;17733;0;0;0;0;0;0;0;0;10;1;0;18054;0;1;0;1
31;3;60;Fmar;833;Pcad;A;2;48;143572;7;18401;18401;0;1;31761;45;13;31;45000;0;0;0;3;143572;2;114049;1;29523;0;0;0;0;0;0;10;1;0;200939;4823;0;0;0
82;3;65;Fmar;813;Pouv;A;0;13;98172;38;213391;15986;21727;1;2745;11;13;30;216384;175678;0;0;3;98172;2;65804;1;32368;0;0;0;0;0;0;5;1;0;185042;81581;0;0;2
31;2;57;Fmar;259;Pouv;B;1;14;115;8;26895;26895;0;1;11415;14;13;53;438;0;0;0;1;115;0;0;1;115;0;0;0;0;0;0;10;1;0;19023;200;0;0;0
31;3;32;Fmar;96;Psan;C;5;5;0;0;1015;1015;0;1;161;5;16;16;0;0;0;0;0;0;0;0;0;0;0;0;0;0;0;0;0;1;1;0;0;1;0;51
31;3;58;Fdiv;256;Pcad;D;4;13;324;2;6944;0;6944;1;-2807;12;14;36;0;0;0;0;2;324;1;0;1;324;0;0;0;0;0;0;0;1;1;4815;0;0;0;68
31;4;30;Fcel;205;Pemp;B;0;5;2390;0;0;0;0;1;3668;5;13;29;0;0;0;0;1;2390;0;0;1;2390;0;0;0;0;0;0;0;1;0;2553;0;1;0;2
31;3;27;Fcel;184;Psan;B;0;15;0;0;0;0;0;1;24695;15;13;19;0;0;0;0;1;0;1;0;0;0;0;0;0;0;0;0;6;1;0;31776;9045;0;0;0
31;1;32;Fcel;154;Pcad;B;0;8;878;0;0;0;0;1;8529;8;14;20;0;0;0;0;2;878;0;0;1;131;1;747;0;0;0;0;0;1;1;10820;0;0;0;0
31;1;37;Fcel;136;Pouv;B;3;5;92133;0;0;0;0;1;18998;5;13;30;0;0;0;0;2;92133;1;51249;1;40884;0;0;0;0;0;0;7;1;0;109938;0;1;0;0
31;3;51;Fmar;127;Pemp;A;0;26;172571;0;0;0;0;2;24283;26;14;37;0;0;1;33346;2;172571;1;115867;1;56704;0;0;0;0;0;0;13;3;2;262991;39526;0;0;0
31;2;29;Fcel;123;Psan;C;0;0;0;0;0;0;0;1;16422;0;15;9;0;0;0;0;0;0;0;0;0;0;0;0;0;0;0;0;0;1;1;15627;0;1;0;0
31;2;30;Fcel;153;Psan;B;0;30;108;0;0;0;0;1;2515;30;13;35;35000;0;0;0;1;108;0;0;1;108;0;0;0;0;0;0;16;1;0;3722;0;1;0;41
31;3;27;Fcel;102;Pemp;C;1;7;27947;0;2020;2020;0;1;1163;7;13;35;0;0;0;0;3;27947;1;26742;2;1205;0;0;0;0;0;0;0;1;1;27947;0;1;0;27
47;1;46;Fmar;303;Pemp;A;0;31;8000;0;0;0;0;1;4542;21;14;43;31400;0;0;0;2;8000;0;0;2;8000;0;0;0;0;0;0;13;1;0;12545;0;0;0;1
32;1;52;Fmar;158;Pcad;C;2;31;39800;14;29551;24042;5509;1;3925;14;15;48;0;0;0;0;2;39800;2;39800;0;0;0;0;0;0;0;0;15;2;1;48937;500;0;0;3
77;4;26;Fmar;99;Psan;A;0;47;99999;0;0;0;0;1;8633;14;13;51;0;0;0;0;2;99999;2;99999;0;0;0;0;0;0;0;0;26;2;0;115628;0;0;0;0
32;4;60;Fmar;85;Pcad;D;1;19;15544;12;99206;0;99206;1;3876;19;13;45;0;0;0;0;2;15544;0;0;2;15544;0;0;0;0;0;0;8;1;0;19890;0;0;0;0
32;1;56;Fmar;48;Psan;D;0;4;139;47;3690;0;3690;1;2127;4;15;12;0;0;0;0;1;139;0;0;1;139;0;0;0;0;0;0;0;1;1;757;0;0;0;3
31;2;48;Fmar;302;Pcad;A;0;12;160342;0;0;0;0;1;1636;12;13;19;10000;0;0;0;2;160342;2;160342;0;0;0;0;0;0;0;0;9;2;1;169649;200;0;0;3
31;1;53;Fmar;300;Pcad;B;2;23;30000;8;116975;0;0;1;6444;23;13;49;0;116975;0;0;1;30000;0;0;1;30000;0;0;0;0;0;0;0;2;1;40237;0;0;0;0
31;1;54;Fmar;234;Pemp;A;3;39;332628;0;0;0;0;1;73650;39;14;73;0;0;0;0;3;332628;1;101470;2;231158;0;0;0;0;0;0;20;1;0;369958;0;0;0;0
31;2;50;Fmar;198;Pcad;B;0;13;18435;0;0;0;0;1;5829;13;15;9;0;0;0;0;3;18435;2;18277;1;158;0;0;0;0;0;0;0;1;0;22231;0;0;0;0
31;4;42;Fmar;137;Pcad;B;1;20;0;0;0;0;0;1;19738;20;14;57;21000;0;0;0;0;0;0;0;0;0;0;0;0;0;0;0;17;1;0;27334;0;0;0;0
31;1;35;Fsep;124;Pemp;D;2;5;16926;0;5475;5475;0;1;-2540;5;13;20;72000;0;0;0;2;16926;1;16926;1;0;0;0;0;0;0;0;6;1;0;17032;0;1;0;75
31;1;52;Fmar;79;Pcad;B;5;36;0;0;0;0;0;1;-607;36;13;96;0;0;0;0;0;0;0;0;0;0;0;0;0;0;0;0;37;2;0;4751;328;0;0;50
31;2;22;Fcel;46;Psan;D;2;4;0;0;0;0;0;1;2095;4;13;24;0;0;0;0;0;0;0;0;0;0;0;0;0;0;0;0;13;2;1;2146;0;0;0;0
17;1;32;Fcel;43;Pcad;A;0;13;139827;0;0;0;0;1;35957;13;15;36;0;0;0;0;1;139827;0;0;1;139827;0;0;0;0;0;0;20;1;0;177681;0;0;0;0
31;1;53;Fmar;97;Pcad;B;2;31;2128;3;46470;0;46470;1;8250;31;13;87;0;0;0;0;1;2128;1;2128;0;0;0;0;0;0;0;0;30;1;0;23099;0;0;0;21
31;1;52;Fdiv;94;Pcad;B;0;19;10000;28;303289;0;0;1;5946;19;13;43;0;303289;0;0;1;10000;0;0;1;10000;0;0;0;0;0;0;18;1;0;21313;0;1;0;0
31;4;47;Fmar;325;Pemp;A;2;11;169675;4;8798;8798;0;1;3771;11;13;45;0;0;0;0;4;169675;2;103306;2;66369;0;0;0;0;0;0;19;1;0;172596;0;1;0;0
31;4;22;Fcel;325;Psan;B;1;0;103;0;0;0;0;1;1539;0;20;3;0;0;0;0;2;103;1;0;1;103;0;0;0;0;0;0;0;1;0;314511;302946;0;0;0
75;4;24;Fcel;153;Psan;B;3;8;64950;0;0;0;0;1;17267;8;13;36;0;0;0;0;2;64950;0;0;2;64950;0;0;0;0;0;0;8;1;0;93117;0;0;0;0
31;4;56;Fmar;91;Pcad;B;0;17;81996;0;0;0;0;1;3815;17;13;24;0;0;0;0;2;81996;1;55962;1;26034;0;0;0;0;0;0;6;1;0;87029;0;0;0;0
31;3;50;Fmar;258;Pemp;D;0;1;0;0;0;0;0;1;1316;1;14;18;26000;0;0;0;0;0;0;0;0;0;0;0;0;0;0;0;1;1;0;1205;0;0;0;0
31;3;40;Fcel;203;Pemp;B;1;38;23622;19;976560;0;0;1;11530;38;13;63;0;976560;1;33026;3;23622;2;12785;1;10837;0;0;0;0;0;0;41;1;0;80185;33026;1;0;0
31;3;49;Fmar;268;Pemp;C;0;6;0;0;0;0;0;1;6171;6;13;23;0;0;0;0;0;0;0;0;0;0;0;0;0;0;0;0;13;1;0;2351;0;0;0;0
31;1;38;Fmar;170;Pouv;D;1;11;6755;20;38177;38177;0;1;5018;11;15;23;0;0;0;0;1;6755;0;0;1;6755;0;0;0;0;0;0;1;2;0;6755;0;0;0;5
31;1;27;Fcel;147;Psan;A;0;4;222619;0;0;0;0;1;20633;4;13;27;20500;0;1;26051;3;222619;2;190790;1;31829;0;0;0;0;0;0;11;1;0;272554;28314;0;0;0
31;1;36;Fmar;108;Pcad;C;1;19;100;0;12267;12267;0;1;-928;19;13;67;0;0;0;0;1;100;0;0;1;100;0;0;0;0;0;0;42;2;0;100;0;0;0;52
31;1;50;Fmar;183;Pcad;A;0;12;126467;0;0;0;0;1;4801;12;13;20;0;0;0;0;3;126467;0;0;2;39589;1;86878;0;0;0;0;3;1;0;133631;0;0;0;0
31;1;49;Fdiv;151;Psan;A;3;9;159730;0;0;0;0;1;5446;6;13;30;0;0;2;57640;3;159730;1;104496;1;14289;1;40945;0;0;0;0;13;1;0;218098;58106;1;0;0
31;2;26;Fcel;113;Pemp;C;2;8;3242;10;16544;0;16544;1;1794;8;13;21;0;0;0;0;2;3242;1;0;1;3242;0;0;0;0;0;0;1;1;0;8369;0;1;0;41
31;1;47;Fmar;261;Pouv;B;2;46;0;4;25574;0;24693;2;23547;46;14;33;0;881;0;0;0;0;0;0;0;0;0;0;0;0;0;0;11;1;0;17365;0;0;0;32
31;1;42;Fmar;245;Psan;A;2;17;82424;8;65599;4440;61159;1;-1678;13;13;57;0;0;0;0;3;82424;1;10143;1;32187;1;40094;0;0;0;0;6;1;0;90049;7625;1;0;60
31;1;39;Fcel;229;Pouv;B;1;84;2855;30;222556;0;23624;1;50394;83;14;41;0;198932;0;0;3;2855;0;0;2;2338;1;517;0;0;0;0;24;1;0;69288;500;0;0;42
31;1;43;Fmar;212;Pcad;A;1;16;119071;40;59942;0;12106;1;8465;16;13;63;53200;47836;1;199152;2;119071;2;119071;0;0;0;0;0;0;0;0;22;2;0;347292;207527;0;0;0
31;1;37;Fcel;211;Pcad;C;2;11;0;0;0;0;0;1;2045;11;13;50;0;0;0;0;0;0;0;0;0;0;0;0;0;0;0;0;0;1;1;1391;0;0;0;29
31;1;48;Fmar;197;Pemp;B;0;12;0;0;0;0;0;1;2983;12;15;21;45000;0;0;0;0;0;0;0;0;0;0;0;0;0;0;0;1;2;1;5609;0;0;0;0
31;1;37;Fmar;169;Pemp;B;3;8;1423;0;0;0;0;1;9270;8;13;39;9332;0;0;0;1;1423;0;0;1;1423;0;0;0;0;0;0;11;1;0;6285;0;1;0;0
31;1;27;Fcel;129;Psan;B;0;8;22028;0;0;0;0;1;12124;8;13;30;0;0;0;0;1;22028;0;0;1;22028;0;0;0;0;0;0;13;1;0;32723;0;1;0;0
31;1;28;Fcel;117;Pemp;C;1;7;0;0;50;50;0;1;816;7;13;30;0;0;0;0;0;0;0;0;0;0;0;0;0;0;0;0;7;1;0;0;0;1;0;38
31;1;42;Fmar;103;Pouv;C;0;27;0;0;24843;2486;22357;2;5991;27;13;32;0;0;0;0;0;0;0;0;0;0;0;0;0;0;0;0;15;2;1;0;0;0;0;14
31;1;30;Fcel;103;Pemp;B;1;9;12042;0;0;0;0;1;19635;9;13;50;0;0;0;0;1;12042;0;0;1;12042;0;0;0;0;0;0;20;2;1;29564;0;0;0;0
31;1;50;Fmar;253;Pouv;A;1;36;88021;4;107234;0;0;1;5093;28;13;79;0;107234;0;0;2;88021;1;35000;0;0;1;53021;0;0;0;0;8;1;0;99035;0;0;0;20
31;1;50;Fmar;175;Pcad;A;1;17;119291;0;0;0;0;1;5337;17;13;40;5100;0;0;0;3;119291;1;115522;2;3769;0;0;0;0;0;0;8;1;0;129390;0;1;0;0
31;1;54;Fmar;216;Pcad;A;1;18;55631;0;0;0;0;1;7134;18;13;56;10000;0;0;0;2;55631;0;0;2;55631;0;0;0;0;0;0;23;2;1;68340;0;0;0;6
31;2;30;Fmar;137;Pemp;B;0;17;83450;0;0;0;0;1;9560;14;30;4;0;0;1;20789;2;83450;2;83450;0;0;0;0;0;0;0;0;0;2;2;110382;20789;1;0;1
31;1;52;Fdiv;133;Pcad;B;0;17;19630;0;0;0;0;1;3404;17;13;56;0;0;0;0;1;19630;0;0;1;19630;0;0;0;0;0;0;22;2;1;24978;0;1;0;3
31;1;53;Fmar;84;Pemp;C;2;10;0;0;397;397;0;1;2926;10;13;20;0;0;0;0;0;0;0;0;0;0;0;0;0;0;0;0;5;1;0;0;0;0;0;7
31;1;51;Fmar;76;Pcad;C;3;23;0;0;0;0;0;1;8462;23;14;17;0;0;0;0;0;0;0;0;0;0;0;0;0;0;0;0;0;1;0;2909;0;0;0;3
31;1;37;Fcel;48;Pemp;D;0;1;0;0;0;0;0;1;878;1;16;7;0;0;0;0;0;0;0;0;0;0;0;0;0;0;0;0;0;1;1;1168;0;1;0;0
31;1;49;Fmar;310;Pouv;D;1;16;2104;13;42683;6195;24541;1;-4005;16;13;40;0;11947;2;80050;2;2104;1;2001;1;103;0;0;0;0;0;0;0;1;1;82354;80250;0;0;68
9;1;64;Fmar;325;Pemp;B;1;20;43078;0;0;0;0;1;7973;20;13;37;0;0;0;0;3;43078;1;16267;2;26811;0;0;0;0;0;0;0;1;0;51175;0;1;0;0
31;1;52;Fcel;240;Pemp;C;1;10;0;0;0;0;0;1;7461;10;13;35;0;0;0;0;0;0;0;0;0;0;0;0;0;0;0;0;15;1;0;11715;200;1;0;0
31;1;50;Fmar;220;Pcad;B;0;25;4665;0;0;0;0;1;7244;25;13;63;50390;0;0;0;1;4665;0;0;1;4665;0;0;0;0;0;0;24;1;0;16486;0;0;0;5
31;1;52;Fmar;305;Pemp;A;1;30;49388;0;0;0;0;1;7124;30;13;57;0;0;2;225356;2;49388;1;16396;1;32992;0;0;0;0;0;0;19;1;0;284878;225356;0;0;0
31;1;55;Fmar;206;Pemp;B;2;9;37322;0;0;0;0;1;3337;9;13;34;0;0;0;0;2;37322;0;0;2;37322;0;0;0;0;0;0;9;1;0;44535;200;0;0;0
31;1;41;Fcel;166;Pouv;C;0;8;204;0;0;0;0;1;-1968;8;14;23;0;0;0;0;1;204;0;0;1;204;0;0;0;0;0;0;6;2;1;1109;0;0;0;70
31;1;55;Fmar;146;Pcad;B;2;9;31726;0;0;0;0;1;14976;9;13;43;0;0;0;0;1;31726;0;0;1;31726;0;0;0;0;0;0;26;1;0;38529;0;1;0;0
31;1;47;Fdiv;211;Pouv;C;0;7;0;0;0;0;0;1;2814;7;14;24;0;0;0;0;0;0;0;0;0;0;0;0;0;0;0;0;1;1;0;5959;300;1;0;13
92;1;31;Fcel;143;Pemp;B;1;20;44289;6;32886;0;32886;1;6971;20;13;40;0;0;0;0;3;44289;2;36481;1;7808;0;0;0;0;0;0;12;1;0;51660;0;1;0;0
31;1;31;Fcel;142;Pemp;B;0;9;63516;0;0;0;0;1;4927;9;15;30;0;0;0;0;2;63516;2;63516;0;0;0;0;0;0;0;0;13;1;0;67263;0;1;0;16
31;1;44;Fdiv;124;Pemp;B;3;14;26746;0;0;0;0;1;7117;14;13;35;0;0;0;0;1;26746;0;0;1;26746;0;0;0;0;0;0;13;1;0;33413;500;0;0;1
31;2;29;Fcel;119;Pouv;D;1;6;3007;6;8413;8413;0;1;2222;6;16;23;0;0;0;0;1;3007;1;3007;0;0;0;0;0;0;0;0;10;1;0;4683;0;0;0;0
31;1;36;Fmar;88;Pemp;D;1;4;0;0;2152;2152;0;1;-2817;4;13;20;0;0;0;0;0;0;0;0;0;0;0;0;0;0;0;0;12;1;0;0;0;1;0;90
31;1;28;Fmar;72;Psan;B;2;2;48240;0;0;0;0;1;1816;2;13;16;0;0;0;0;2;48240;0;0;2;48240;0;0;0;0;0;0;5;1;0;70232;0;1;0;0
31;1;26;Fcel;42;Pemp;D;0;0;0;0;0;0;0;1;-87;0;43;1;0;0;0;0;0;0;0;0;0;0;0;0;0;0;0;0;0;1;1;0;0;0;0;60
82;7;42;Fdiv;216;Pcad;A;3;15;115116;9;51247;11310;39937;1;-1572;15;13;30;0;0;0;0;3;115116;2;114964;1;152;0;0;0;0;0;0;7;1;0;116484;500;1;0;54
65;1;42;Fcel;190;Pemp;D;2;7;5861;16;17637;0;17637;1;2638;7;13;32;35500;0;0;0;1;5861;0;0;1;5861;0;0;0;0;0;0;12;1;0;11536;200;1;0;0
31;1;48;Fmar;166;Pemp;A;0;8;183;0;0;0;0;1;4088;8;14;27;0;0;0;0;2;183;1;0;1;183;0;0;0;0;0;0;0;1;0;8142;0;1;0;0
31;2;50;Fdiv;55;Pemp;A;1;17;127248;0;0;0;0;1;4180;17;13;28;0;0;0;0;2;127248;1;89277;1;37971;0;0;0;0;0;0;10;1;0;132486;0;1;0;0
65;1;56;Fcel;295;Pemp;C;0;3;45081;0;0;0;0;1;3231;3;14;34;39000;0;0;0;2;45081;0;0;2;45081;0;0;0;0;0;0;13;1;0;46714;0;1;0;0
65;1;60;Fmar;292;Pret;A;1;35;81286;0;0;0;0;1;7536;22;13;33;39942;0;3;291950;3;81286;1;10067;1;40000;1;31219;0;0;0;0;0;1;0;408302;324276;0;0;0
65;1;40;Fmar;262;Pcad;D;7;44;160354;6;358063;0;0;3;4669;33;13;81;58900;358063;1;8125;3;160354;1;129973;2;30381;0;0;0;0;0;0;9;3;0;185650;8747;0;0;36
65;2;53;Fdiv;205;Pemp;B;0;3;12482;0;0;0;0;1;2729;3;16;7;0;0;1;14006;3;12482;0;0;3;12482;0;0;0;0;0;0;0;1;0;28622;14680;1;0;5
65;1;42;Fmar;167;Pemp;A;1;16;144648;0;0;0;0;2;6595;14;13;24;0;0;1;70917;2;144648;1;114648;1;30000;0;0;0;0;0;0;12;1;0;226767;73066;1;0;0
31;3;28;Fcel;116;Psan;B;0;7;89248;0;0;0;0;2;6263;7;13;15;0;0;0;0;4;89248;1;28983;3;60265;0;0;0;0;0;0;1;1;0;99665;0;1;0;0
65;1;35;Fcel;198;Psan;C;2;3;2116;45;5216;0;5216;1;1344;3;13;5;0;0;0;0;1;2116;1;2116;0;0;0;0;0;0;0;0;0;1;1;5901;0;1;0;0
65;1;25;Fcel;87;Pouv;C;1;5;34911;0;0;0;0;1;39711;5;16;6;0;0;0;0;2;34911;0;0;2;34911;0;0;0;0;0;0;1;1;0;88765;0;0;0;0
31;1;54;Fmar;311;Pcad;A;0;111;353070;0;0;0;0;1;126278;61;13;57;41500;0;2;113357;3;353070;2;321879;1;31191;0;0;0;0;0;0;18;2;0;515532;136090;0;0;0
31;1;42;Fmar;280;Pcad;B;1;11;0;10;3855;0;0;1;7012;11;14;29;26000;3855;0;0;0;0;0;0;0;0;0;0;0;0;0;0;4;1;0;8075;500;0;0;0
31;1;50;Fmar;247;Pcad;D;1;11;34210;0;0;0;0;1;8858;11;13;79;70800;0;1;50508;2;34210;0;0;2;34210;0;0;0;0;0;0;32;2;1;99633;50608;0;0;6
31;1;37;Fmar;205;Pcad;A;0;13;58461;16;128423;0;0;1;18926;13;13;43;20500;128423;0;0;2;58461;1;16199;1;42262;0;0;0;0;0;0;15;1;0;73489;1352;0;0;0
31;1;52;Fmar;204;Pcad;A;1;16;14030;0;0;0;0;1;6429;15;14;46;0;0;0;0;1;14030;0;0;1;14030;0;0;0;0;0;0;19;1;0;26980;898;0;0;0
31;1;58;Fmar;197;Pcad;B;2;32;92328;5;126742;0;126742;1;28136;31;13;85;0;0;0;0;1;92328;0;0;1;92328;0;0;0;0;0;0;42;1;0;116162;0;1;0;30
31;1;33;Fmar;168;Pemp;D;2;14;66458;6;18418;0;18418;1;5279;12;13;53;26000;0;0;0;3;66458;1;36041;2;30417;0;0;0;0;0;0;4;1;0;75044;0;0;0;1
9;1;50;Fmar;268;Pemp;B;0;30;41475;13;40850;6061;34789;1;16450;30;13;47;0;0;0;0;2;41475;2;41475;0;0;0;0;0;0;0;0;12;1;0;53052;2000;0;0;0
31;1;30;Fcel;130;Psan;C;1;12;10678;8;11153;428;10725;1;4643;12;14;56;55400;0;0;0;1;10678;1;10678;0;0;0;0;0;0;0;0;27;1;0;10678;0;0;0;9
31;1;51;Fsep;130;Pemp;B;0;27;13179;0;0;0;0;1;3368;27;13;41;20000;0;1;4461;1;13179;0;0;1;13179;0;0;0;0;0;0;5;1;0;19015;4461;1;0;54
31;1;43;Fdiv;117;Pcad;A;5;61;38256;8;244178;17881;50437;2;42430;60;13;68;0;175860;0;0;3;38256;2;38129;1;127;0;0;0;0;0;0;18;2;0;42268;0;1;0;81
31;1;45;Fmar;86;Pcad;B;2;19;1003;0;0;0;0;1;15673;19;13;63;0;0;0;0;1;1003;0;0;1;1003;0;0;0;0;0;0;4;1;0;15832;0;0;0;0
31;2;41;Fdiv;82;Pemp;B;4;13;5038;6;6262;6262;0;1;-768;13;13;54;0;0;0;0;2;5038;1;4868;1;170;0;0;0;0;0;0;16;1;0;5038;0;1;0;46
31;1;24;Fcel;79;Psan;C;1;5;79912;0;0;0;0;1;1485;5;14;27;0;0;0;0;1;79912;1;79912;0;0;0;0;0;0;0;0;5;1;0;82733;0;0;0;20
32;1;42;Fmar;42;Pemp;C;0;5;0;0;0;0;0;1;1038;5;23;19;0;0;0;0;0;0;0;0;0;0;0;0;0;0;0;0;0;2;2;16;0;1;0;0
82;5;51;Fmar;214;Pemp;B;1;13;13455;27;88277;0;88277;1;4114;13;14;24;0;0;0;0;3;13455;2;12577;0;0;1;878;0;0;0;0;5;1;0;20695;500;0;0;8
82;5;47;Fmar;199;Pcad;C;0;20;105;9;131883;0;131883;2;-174;21;13;56;0;0;0;0;2;105;1;0;1;105;0;0;0;0;0;0;31;1;0;2779;0;1;0;57
31;2;57;Fmar;256;Pemp;B;0;13;286;9;2373;0;2373;1;7911;13;14;47;0;0;0;0;2;286;0;0;2;286;0;0;0;0;0;0;16;1;0;6063;0;0;0;0
31;1;48;Fcel;297;Pemp;C;2;29;0;3;21055;0;21055;1;-5194;28;13;65;0;0;0;0;1;0;1;0;0;0;0;0;0;0;0;0;11;3;2;5610;200;1;0;74
31;3;54;Fmar;231;Pemp;B;0;21;68783;8;20349;0;0;1;10118;17;13;10;0;20349;0;0;2;68783;1;41953;1;26830;0;0;0;0;0;0;2;1;0;80362;500;0;0;0
31;3;38;Fcel;223;Pemp;B;1;9;0;0;0;0;0;1;9199;9;13;27;0;0;0;0;0;0;0;0;0;0;0;0;0;0;0;0;14;1;0;14589;0;0;0;0
31;1;33;Fcel;161;Pouv;C;0;10;0;0;0;0;0;1;6331;10;13;24;39000;0;0;0;0;0;0;0;0;0;0;0;0;0;0;0;18;1;0;617;0;1;0;0
31;2;36;Fcel;147;Pcad;B;1;16;12174;0;0;0;0;1;5686;13;13;34;15000;0;0;0;1;12174;0;0;1;12174;0;0;0;0;0;0;15;1;0;21327;0;1;0;5
31;3;38;Fuli;143;Pemp;D;0;19;11075;7;23667;0;23667;1;4141;11;13;38;0;0;0;0;1;11075;0;0;1;11075;0;0;0;0;0;0;11;1;0;16469;0;0;0;0
81;3;59;Fcel;123;Pcad;D;2;34;189;9;240408;62310;178098;2;-42411;34;13;43;290530;0;0;0;1;189;0;0;1;189;0;0;0;0;0;0;13;2;0;197;0;0;0;114
31;3;57;Fdiv;120;Pemp;A;1;17;269112;0;0;0;0;1;3998;14;13;47;0;0;1;43179;3;269112;2;239112;1;30000;0;0;0;0;0;0;0;1;1;318116;43179;1;0;0
31;1;37;Fmar;170;Pemp;D;0;10;2125;0;0;0;0;1;3328;10;13;41;29090;0;0;0;1;2125;0;0;1;2125;0;0;0;0;0;0;16;1;0;5980;0;1;0;0
31;1;41;Fcel;238;Pcad;C;0;14;279;12;29021;2131;26890;1;-5244;13;13;36;0;0;0;0;3;279;1;0;2;279;0;0;0;0;0;0;10;2;1;479;200;0;0;76
95;1;32;Fmar;138;Pcad;D;0;22;313;39;462600;237;13889;2;-2897;22;13;56;155260;448474;0;0;3;313;2;0;1;313;0;0;0;0;0;0;15;2;1;1178;0;0;0;97
31;1;50;Fdiv;125;Pemp;C;0;3;0;0;0;0;0;1;2646;3;14;21;0;0;0;0;1;0;0;0;1;0;0;0;0;0;0;0;0;1;1;2541;0;1;0;0
31;1;45;Fcel;102;Pouv;C;1;7;2703;0;1037;1037;0;1;1570;6;13;15;0;0;0;0;1;2703;0;0;1;2703;0;0;0;0;0;0;0;1;1;2703;0;0;0;17
31;1;45;Fmar;236;Pcad;B;1;87;99953;8;257301;0;0;1;155776;87;13;58;0;257301;0;0;1;99953;1;99953;0;0;0;0;0;0;0;0;25;2;0;289655;0;1;0;0
31;2;53;Fdiv;224;Pcad;B;2;107;2335;19;20394;0;20394;1;51583;107;14;31;0;0;0;0;1;2335;1;2335;0;0;0;0;0;0;0;0;4;1;0;27061;0;1;0;0
31;3;36;Fmar;115;Pouv;C;0;3;0;0;0;0;0;1;1188;3;21;6;7000;0;0;0;0;0;0;0;0;0;0;0;0;0;0;0;0;1;1;171;0;0;0;0
31;3;22;Fcel;77;Psan;C;3;12;0;0;0;0;0;1;2994;12;13;56;0;0;0;0;0;0;0;0;0;0;0;0;0;0;0;0;31;2;0;4557;0;1;0;14
31;1;65;Fdiv;313;Pouv;B;0;10;35397;0;3260;3260;0;1;138;10;13;27;50500;0;2;39521;3;35397;1;34740;2;657;0;0;0;0;0;0;5;1;0;75418;40021;0;0;51
31;1;60;Fmar;306;Pcad;B;0;58;34667;1;10370;0;10370;1;10789;46;14;64;0;0;0;0;1;34667;0;0;1;34667;0;0;0;0;0;0;23;3;0;59632;0;0;0;6
31;1;58;Fmar;279;Pcad;A;10;68;85716;0;0;0;0;2;22306;68;13;55;73950;0;0;0;3;85716;1;10143;2;75573;0;0;0;0;0;0;5;3;0;109336;750;0;0;0
31;1;44;Fmar;256;Pcad;B;3;15;155;0;0;0;0;1;5803;15;13;53;0;0;0;0;1;155;0;0;1;155;0;0;0;0;0;0;24;2;1;8222;0;0;0;3
31;1;36;Fcel;249;Pemp;B;0;5;11012;0;0;0;0;1;18392;1;13;37;84400;0;0;0;2;11012;1;0;1;11012;0;0;0;0;0;0;13;3;2;18939;0;0;0;0
31;1;19;Fcel;191;Psan;C;2;1;57818;0;0;0;0;1;402;1;15;15;0;0;0;0;3;78967;2;57818;0;0;0;0;1;21149;0;0;0;2;1;81462;0;0;0;0
31;1;40;Fcel;188;Pcad;D;3;9;100;0;4929;4929;0;1;-2242;9;13;40;0;0;0;0;1;100;0;0;1;100;0;0;0;0;0;0;0;1;1;100;0;1;0;78
31;1;25;Fcel;97;Psan;C;1;8;8037;0;0;0;0;1;3938;8;15;42;0;0;0;0;2;8037;1;7930;1;107;0;0;0;0;0;0;29;2;1;13221;0;0;0;7
82;1;40;Fcel;238;Pcad;C;0;2;0;0;0;0;0;1;5494;2;14;11;0;0;0;0;0;0;0;0;0;0;0;0;0;0;0;0;4;1;0;2529;0;0;0;0
82;1;31;Fcel;152;Pemp;B;0;9;50200;12;49172;12124;37048;1;-8161;9;13;41;0;0;0;0;4;50200;2;49822;2;378;0;0;0;0;0;0;22;1;0;50200;0;0;0;82
82;3;60;Fmar;176;Pret;B;1;11;256;3;21444;0;21444;1;6048;10;13;52;0;0;0;0;1;256;0;0;1;256;0;0;0;0;0;0;10;1;0;36631;0;0;0;3
82;3;49;Fmar;142;Pemp;A;0;31;44014;8;186054;0;186054;1;7923;30;13;89;0;0;0;0;3;44014;2;43914;1;100;0;0;0;0;0;0;23;2;0;56232;311;0;0;0
82;3;29;Fmar;67;Pcad;A;1;11;122344;0;0;0;0;1;20118;9;14;36;14000;0;0;0;3;122344;2;103374;1;18970;0;0;0;0;0;0;8;1;0;143110;0;1;0;0
65;1;49;Fmar;315;Pemp;B;3;18;12176;17;147106;0;147106;1;14035;18;14;22;49930;0;0;0;2;12176;2;12176;0;0;0;0;0;0;0;0;0;1;0;15016;2558;0;0;0
65;1;39;Fcel;161;Pcad;A;1;18;150193;20;82914;0;82914;1;10523;18;13;39;0;0;0;0;4;150193;1;29237;3;120956;0;0;0;0;0;0;11;1;0;155301;0;0;0;0
64;1;31;Fcel;152;Pcad;A;3;32;67963;0;0;0;0;1;10307;32;13;62;0;0;1;14208;3;67963;2;10664;1;57299;0;0;0;0;0;0;24;1;0;90134;16754;1;0;0
65;1;43;Fmar;137;Pcad;B;0;28;26280;11;211408;0;211408;1;37582;28;14;54;0;0;0;0;3;26280;2;26178;1;102;0;0;0;0;0;0;18;1;0;55272;0;0;0;0
65;1;24;Fcel;60;Pouv;B;1;7;57361;0;0;0;0;1;5949;7;13;18;0;0;0;0;2;57361;1;49008;1;8353;0;0;0;0;0;0;6;1;0;58802;0;0;0;0
31;3;55;Fdiv;223;Pcad;A;0;22;29891;0;0;0;0;1;5944;22;14;25;0;0;0;0;2;29891;0;0;2;29891;0;0;0;0;0;0;7;1;0;33658;0;0;0;0
81;1;52;Fdiv;148;Pemp;D;1;3;200;9;14092;14092;0;1;-6145;3;13;20;0;0;1;19819;1;200;0;0;1;200;0;0;0;0;0;0;8;2;0;20019;19819;1;0;90
82;3;60;Fmar;41;Psan;C;2;5;0;0;0;0;0;1;4047;5;14;8;0;0;0;0;0;0;0;0;0;0;0;0;0;0;0;0;0;1;0;3582;0;1;0;0
9;1;39;Fcel;40;Pemp;D;0;9;5616;0;0;0;0;1;4633;9;13;27;0;0;0;0;1;5616;0;0;1;5616;0;0;0;0;0;0;5;1;0;7579;0;1;0;0
31;1;42;Fmar;39;Pcad;B;0;13;100;0;0;0;0;1;378;13;13;44;0;0;0;0;1;100;0;0;1;100;0;0;0;0;0;0;9;1;0;1971;0;0;0;48
31;1;20;Fcel;39;Pemp;C;4;7;100;0;10329;10329;0;1;2038;7;13;29;0;0;0;0;2;100;1;0;1;100;0;0;0;0;0;0;9;1;0;200;0;0;0;2
31;1;26;Fcel;39;Psan;B;3;3;6523;16;16031;16031;0;1;29985;1;14;19;55900;0;0;0;2;6523;0;0;2;6523;0;0;0;0;0;0;0;1;1;8331;0;0;0;0
82;2;32;Fmar;38;Pouv;D;1;5;0;0;2;2;0;1;2654;5;16;13;41710;0;0;0;0;0;0;0;0;0;0;0;0;0;0;0;0;4;4;0;0;0;0;5
65;3;30;Fcel;37;Pemp;D;0;8;3792;10;63839;0;63839;1;8298;8;13;44;35000;0;0;0;3;3792;2;3628;1;164;0;0;0;0;0;0;14;1;0;10532;0;0;0;1
31;1;29;Fuli;34;Pemp;B;0;8;73504;0;0;0;0;1;4021;7;13;49;1266;0;0;0;4;73504;2;34164;1;39340;0;0;1;0;0;0;15;1;0;74754;0;0;0;0
32;1;50;Fmar;34;Pcad;B;1;26;3600;15;393327;0;0;1;4619;26;13;100;0;393327;0;0;1;3600;0;0;1;3600;0;0;0;0;0;0;21;1;0;7826;0;0;0;5
82;2;29;Fcel;34;Pouv;D;0;40;22500;0;0;0;0;1;6820;32;13;32;10000;0;0;0;2;22500;1;2400;1;20100;0;0;0;0;0;0;1;1;0;25707;0;1;0;28
31;1;21;Fcel;33;Psan;C;1;2;0;0;0;0;0;1;919;2;13;9;0;0;0;0;0;0;0;0;0;0;0;0;0;0;0;0;1;1;0;908;0;0;0;8
82;2;44;Fcel;32;Pcad;B;0;15;115577;34;242261;0;0;1;4852;13;13;19;0;242261;0;0;1;115577;0;0;1;115577;0;0;0;0;0;0;0;1;0;122951;2097;1;0;0
16;4;28;Fmar;32;Pcad;A;2;30;147118;4;75584;0;75584;1;10891;13;14;47;3500;0;0;0;2;147118;1;97710;1;49408;0;0;0;0;0;0;33;1;0;155202;0;1;0;2
31;2;40;Fcel;31;Pcad;D;0;20;104;0;0;0;0;1;3674;20;13;61;0;0;0;0;2;104;1;0;1;104;0;0;0;0;0;0;24;1;0;12908;0;0;0;29
31;2;30;Fmar;31;Psan;B;0;2;671;0;0;0;0;1;807;2;13;6;0;0;0;0;1;671;0;0;1;671;0;0;0;0;0;0;1;2;0;1328;0;0;0;4
32;5;23;Fcel;31;Psan;C;0;7;0;0;0;0;0;1;9947;7;16;6;0;0;0;0;0;0;0;0;0;0;0;0;0;0;0;0;1;1;0;25431;0;1;0;0
65;1;34;Fuli;31;Pemp;D;2;3;0;0;938;938;0;1;982;3;16;14;0;0;0;0;0;0;0;0;0;0;0;0;0;0;0;0;0;1;1;0;0;0;0;12
31;3;42;Fmar;30;Pemp;C;2;11;0;6;4136;4136;0;1;-2308;11;13;45;42120;0;0;0;0;0;0;0;0;0;0;0;0;0;0;0;0;1;1;0;0;0;0;76
31;1;48;Fmar;29;Pcad;D;0;24;0;0;0;0;0;1;6082;24;14;20;0;0;0;0;0;0;0;0;0;0;0;0;0;0;0;0;20;1;0;3877;0;0;0;6
31;1;21;Fcel;29;Psan;D;1;4;0;0;0;0;0;1;1228;4;13;24;0;0;0;0;0;0;0;0;0;0;0;0;0;0;0;0;0;1;1;3028;0;1;0;14
31;2;32;Fcel;29;Pcad;B;1;11;33185;0;0;0;0;1;2937;11;13;44;0;0;1;12771;1;33185;0;0;1;33185;0;0;0;0;0;0;17;1;0;50462;12771;1;0;0
65;1;22;Fcel;28;Psan;D;4;8;2900;0;0;0;0;1;2540;4;13;33;0;0;0;0;2;2900;1;1800;1;1100;0;0;0;0;0;0;10;1;0;19832;0;1;0;3
65;1;36;Fmar;28;Psan;C;2;8;0;26;15181;15181;0;1;-1465;8;19;24;0;0;0;0;0;0;0;0;0;0;0;0;0;0;0;0;0;1;1;0;0;0;0;72
31;1;31;Fcel;27;Pcad;B;2;58;104100;0;0;0;0;1;29414;41;14;22;5100;0;0;0;1;104100;0;0;1;104100;0;0;0;0;0;0;10;1;0;120252;0;0;0;0
31;1;44;Fmar;27;Pcad;C;2;6;153;0;0;0;0;1;786;6;13;15;32000;0;0;0;1;153;0;0;1;153;0;0;0;0;0;0;0;2;1;1095;0;0;0;24
31;2;54;Fmar;26;Psan;B;2;35;16500;13;291798;0;0;2;12070;32;14;25;66950;291798;0;0;1;16500;0;0;1;16500;0;0;0;0;0;0;12;1;0;28121;0;1;0;3
32;5;53;Fmar;26;Pemp;D;4;9;4547;16;95061;0;95061;1;6062;9;13;36;39000;0;0;0;1;4547;0;0;1;4547;0;0;0;0;0;0;8;1;0;13034;0;1;0;0
31;3;32;Fuli;26;Pemp;C;0;8;0;0;0;0;0;1;8857;8;20;20;0;0;0;0;0;0;0;0;0;0;0;0;0;0;0;0;0;2;2;6803;0;0;0;0
32;2;27;Fcel;25;Psan;B;0;6;350;0;0;0;0;1;14759;6;13;10;0;0;0;0;2;350;0;0;2;350;0;0;0;0;0;0;0;1;0;12697;0;1;0;0
65;1;28;Fcel;25;Pcad;C;2;10;1312;18;30439;1114;29325;1;-159;10;13;36;0;0;0;0;1;1312;0;0;1;1312;0;0;0;0;0;0;13;1;0;1312;0;0;0;59
31;2;20;Fcel;23;Psan;C;0;2;0;0;0;0;0;1;1466;1;13;5;0;0;0;0;0;0;0;0;0;0;0;0;0;0;0;0;0;1;1;1860;0;1;0;0
31;1;26;Fcel;23;Pemp;B;2;9;24596;0;0;0;0;1;3315;7;14;18;0;0;0;0;2;24596;1;2700;1;21896;0;0;0;0;0;0;7;1;0;24771;0;0;0;5
56;1;28;Fcel;21;Pcad;C;0;28;30036;0;0;0;0;1;3083;27;13;56;0;0;0;0;4;30036;2;1800;2;28236;0;0;0;0;0;0;19;2;0;33321;0;1;0;42
31;1;19;Fcel;20;Psan;C;0;1;0;0;0;0;0;1;1217;1;16;5;0;0;0;0;0;0;0;0;0;0;0;0;0;0;0;0;1;1;0;6761;0;0;0;0
31;2;28;Fmar;19;Psan;C;0;1;0;0;0;0;0;1;751;1;13;10;0;0;0;0;0;0;0;0;0;0;0;0;0;0;0;0;7;1;0;729;0;1;0;0
31;1;27;Fmar;18;Pcad;B;3;13;3623;0;0;0;0;1;9638;13;13;35;0;0;0;0;1;3623;1;3623;0;0;0;0;0;0;0;0;25;2;0;20611;0;0;0;0
31;1;32;Fcel;18;Pcad;B;2;24;215;13;305447;0;0;1;3498;24;13;29;0;305447;0;0;2;215;0;0;2;215;0;0;0;0;0;0;4;1;0;9912;0;1;0;19
31;1;32;Fmar;18;Pcad;C;0;5;100;0;0;0;0;1;2534;5;14;20;21000;0;0;0;1;100;0;0;1;100;0;0;0;0;0;0;10;1;0;2623;0;1;0;0
31;1;19;Fcel;17;Pemp;C;4;7;0;12;17862;17862;0;1;5359;7;13;26;0;0;0;0;0;0;0;0;0;0;0;0;0;0;0;0;8;1;0;9441;0;1;0;0
31;1;24;Fcel;17;Pemp;C;0;15;40662;7;23768;0;23768;1;5428;15;13;5;0;0;0;0;1;40662;0;0;1;40662;0;0;0;0;0;0;0;1;0;45704;0;0;0;0
31;1;22;Fcel;16;Psan;C;1;7;0;0;0;0;0;1;2385;7;14;40;0;0;0;0;0;0;0;0;0;0;0;0;0;0;0;0;0;1;1;2890;0;1;0;6
31;1;28;Fcel;16;Pcad;B;1;13;33601;5;15986;15986;0;1;7937;8;14;13;0;0;0;0;2;33601;0;0;2;33601;0;0;0;0;0;0;5;1;0;43974;0;0;0;0
65;1;27;Fcel;15;Pcad;C;0;1;210;0;0;0;0;1;1894;1;42;1;49500;0;0;0;1;210;0;0;1;210;0;0;0;0;0;0;0;1;1;2482;0;0;0;0
75;3;23;Fcel;15;Psan;D;0;4;0;0;564;564;0;1;653;4;15;7;0;0;0;0;0;0;0;0;0;0;0;0;0;0;0;0;0;1;0;0;0;1;0;33
31;3;29;Fuli;15;Pemp;C;3;10;0;8;47277;0;47277;1;19344;10;13;39;0;0;0;0;0;0;0;0;0;0;0;0;0;0;0;0;16;1;0;1938;0;0;0;3
32;3;24;Fcel;14;Pemp;C;3;8;22128;11;6718;6718;0;2;1241;8;13;26;0;0;0;0;2;22128;1;16458;1;5670;0;0;0;0;0;0;6;1;0;27787;155;1;0;7
31;1;34;Fcel;14;Pouv;C;0;1;0;0;0;0;0;1;1759;1;30;2;25000;0;0;0;0;0;0;0;0;0;0;0;0;0;0;0;0;1;1;1617;0;1;0;0
31;2;35;Fcel;13;Pcad;C;0;7;0;0;2321;2321;0;1;2583;7;23;7;0;0;0;0;0;0;0;0;0;0;0;0;0;0;0;0;2;1;0;0;0;0;0;19
31;2;35;Fuli;12;Pcad;C;0;6;0;0;0;0;0;1;18295;6;14;35;0;0;0;0;1;0;0;0;1;0;0;0;0;0;0;0;11;1;0;11838;0;1;0;0
31;1;41;Fmar;12;Pemp;C;0;22;303;4;23828;0;23828;1;-1111;22;13;68;30000;0;0;0;1;303;0;0;1;303;0;0;0;0;0;0;27;1;0;5003;0;0;0;59
65;1;36;Fmar;11;Pemp;C;2;1;0;0;0;0;0;1;1349;1;14;17;0;0;0;0;0;0;0;0;0;0;0;0;0;0;0;0;10;1;0;111;0;1;0;0
31;2;28;Fmar;11;Pcad;C;2;14;9000;0;0;0;0;1;6283;14;13;35;0;0;0;0;1;9000;0;0;1;9000;0;0;0;0;0;0;9;1;0;14201;0;0;0;0
31;4;27;Fcel;9;Pemp;C;2;5;0;0;0;0;0;1;3554;5;13;19;2300;0;0;0;0;0;0;0;0;0;0;0;0;0;0;0;8;1;0;5574;0;0;0;0
32;1;50;Fmar;9;Pemp;D;1;11;0;0;0;0;0;1;-2274;11;13;24;0;0;0;0;0;0;0;0;0;0;0;0;0;0;0;0;8;1;0;1393;0;1;0;81
31;1;29;Fmar;8;Pcad;B;2;35;7600;0;0;0;0;2;-71;30;13;92;0;0;0;0;2;7600;1;0;1;7600;0;0;0;0;0;0;12;1;0;17026;0;1;0;104
31;1;39;Fcel;8;Pcad;B;1;16;7211;21;136139;0;136139;1;8841;14;13;42;0;0;0;0;2;7211;0;0;2;7211;0;0;0;0;0;0;9;1;0;22041;0;1;0;0
31;1;26;Fcel;7;Pemp;C;0;7;0;0;0;0;0;1;1210;7;13;36;0;0;0;0;0;0;0;0;0;0;0;0;0;0;0;0;23;1;0;1634;0;1;0;36
31;1;21;Fcel;7;Psan;D;1;4;0;0;0;0;0;1;2112;4;14;21;0;0;0;0;0;0;0;0;0;0;0;0;0;0;0;0;7;1;0;1007;0;1;0;2
31;1;22;Fcel;6;Psan;C;2;5;0;0;0;0;0;1;2134;3;13;11;0;0;0;0;0;0;0;0;0;0;0;0;0;0;0;0;0;1;1;3045;0;1;0;1
31;1;22;Fcel;6;Pemp;C;0;5;0;0;0;0;0;1;12423;5;13;7;20000;0;0;0;0;0;0;0;0;0;0;0;0;0;0;0;0;1;0;20054;0;1;0;0
82;3;54;Fdiv;5;Pemp;B;2;16;41171;0;0;0;0;1;10214;16;13;37;0;0;1;5470;3;41171;1;0;2;41171;0;0;0;0;0;0;14;1;0;55385;5625;1;0;0
31;1;54;Fdiv;5;Pcad;E;0;12;51809;0;0;0;0;1;3063;12;13;37;0;0;0;0;2;51809;0;0;2;51809;0;0;0;0;0;0;0;1;1;56412;0;1;0;0
31;1;35;Fmar;4;Pcad;E;2;26;22100;0;0;0;0;1;11637;19;13;31;30000;0;0;0;1;22100;0;0;1;22100;0;0;0;0;0;0;14;1;0;40173;0;1;0;10
31;1;40;Fcel;4;Pemp;E;1;12;0;12;28946;482;28464;1;5143;12;13;37;92500;0;0;0;0;0;0;0;0;0;0;0;0;0;0;0;16;1;0;0;0;0;0;22
31;1;19;Fcel;4;Pemp;E;2;1;0;0;0;0;0;1;418;1;13;10;20500;0;0;0;0;0;0;0;0;0;0;0;0;0;0;0;0;1;1;1547;0;1;0;0
65;1;30;Fcel;3;Pemp;E;0;5;0;13;29233;0;29233;1;7040;5;13;18;42000;0;0;0;0;0;0;0;0;0;0;0;0;0;0;0;0;1;1;6389;0;1;0;8
31;1;19;Fcel;3;Pemp;E;1;3;0;0;0;0;0;1;4973;3;30;2;17000;0;0;0;0;0;0;0;0;0;0;0;0;0;0;0;0;1;1;8477;0;0;0;0
31;1;30;Fmar;36;Pouv;B;1;12;57096;21;444019;0;0;1;7354;11;15;51;0;444019;0;0;4;57096;3;54381;1;2715;0;0;0;0;0;0;22;1;0;60462;0;0;0;8
82;2;45;Fmar;15;Pcad;C;0;7;0;0;0;0;0;1;992;7;14;24;0;0;0;0;0;0;0;0;0;0;0;0;0;0;0;0;4;1;0;4134;0;1;0;29
31;4;22;Fmar;41;Psan;D;0;8;0;29;14063;14063;0;1;-3673;8;13;39;47000;0;0;0;0;0;0;0;0;0;0;0;0;0;0;0;22;1;0;0;0;1;0;79
31;3;43;Fdiv;39;Pemp;A;2;24;293310;2;1743;1743;0;1;12118;23;13;60;55500;0;0;0;3;293310;2;284759;1;8551;0;0;0;0;0;0;2;1;0;312066;0;1;0;0
31;1;36;Fsep;20;Pemp;C;0;8;0;0;157;157;0;1;-447;8;14;47;10000;0;0;0;0;0;0;0;0;0;0;0;0;0;0;0;22;1;0;0;0;1;0;58
32;1;49;Fmar;31;Pemp;B;4;14;55845;0;0;0;0;1;2711;14;13;51;13900;0;0;0;1;55845;1;55845;0;0;0;0;0;0;0;0;9;1;0;63336;0;1;0;9
